{
  "single-gpu": {
    "name": "single-gpu",
    "total_requests": 32,
    "total_tokens": 512,
    "elapsed_s": 26.88253445000737,
    "throughput_tok_s": 19.0458232631358,
    "goodput_tok_s": 16.069913378270833,
    "mean_ttft_s": 2.4781423658791937,
    "p50_ttft_s": 1.7636228645060328,
    "p95_ttft_s": 10.144338771001639,
    "mean_ttpt_s": 0.2563767169005189,
    "p50_ttpt_s": 0.21287971025003571,
    "p95_ttpt_s": 0.7365252869376036,
    "mean_e2e_s": 4.102027470408302,
    "p50_e2e_s": 3.4060753640005714,
    "p95_e2e_s": 11.784404591001657,
    "route_hit_rate": 0.0,
    "routed_to_prefix_owner_rate": 0.0,
    "prefix_hit_rate": 0.96875,
    "swap_count": 0,
    "rebalance_success": 0,
    "rebalance_fail": 0,
    "rebalance_fail_reasons": {},
    "gpu_util_mean": 4.753571428571429,
    "gpu_util_p95": 43.0,
    "gpu_mem_util_mean": 4.239618210565476,
    "gpu_mem_util_p95": 32.21435546875
  },
  "multi-gpu": {
    "name": "multi-gpu",
    "total_requests": 32,
    "total_tokens": 512,
    "elapsed_s": 16.62351795299037,
    "throughput_tok_s": 30.799738144951288,
    "goodput_tok_s": 25.98727905980265,
    "mean_ttft_s": 1.6089856572816643,
    "p50_ttft_s": 0.16131681450497126,
    "p95_ttft_s": 9.35163513495063,
    "mean_ttpt_s": 0.15699400402147035,
    "p50_ttpt_s": 0.06586730390608864,
    "p95_ttpt_s": 0.6382930496845802,
    "mean_e2e_s": 2.5119040643435255,
    "p50_e2e_s": 1.0538768624974182,
    "p95_e2e_s": 10.212688794953284,
    "route_hit_rate": 0.0,
    "routed_to_prefix_owner_rate": 0.0,
    "prefix_hit_rate": 0.717948717948718,
    "swap_count": 0,
    "rebalance_success": 0,
    "rebalance_fail": 0,
    "rebalance_fail_reasons": {},
    "gpu_util_mean": 9.862857142857143,
    "gpu_util_p95": 64.0,
    "gpu_mem_util_mean": 5.546270461309524,
    "gpu_mem_util_p95": 32.52034505208333
  },
  "multi-gpu-kv-routing": {
    "name": "multi-gpu-kv-routing",
    "total_requests": 32,
    "total_tokens": 512,
    "elapsed_s": 26.555037283003912,
    "throughput_tok_s": 19.280711020793657,
    "goodput_tok_s": 18.678188801393855,
    "mean_ttft_s": 2.246353834749698,
    "p50_ttft_s": 1.6334140344988555,
    "p95_ttft_s": 8.79422144646087,
    "mean_ttpt_s": 0.22796501175787398,
    "p50_ttpt_s": 0.20214064896890704,
    "p95_ttpt_s": 0.6116979146944687,
    "mean_e2e_s": 3.6474401881259837,
    "p50_e2e_s": 3.2342503835025127,
    "p95_e2e_s": 9.787166635111499,
    "route_hit_rate": 0.84375,
    "routed_to_prefix_owner_rate": 0.84375,
    "prefix_hit_rate": 0.9281045751633987,
    "swap_count": 0,
    "rebalance_success": 0,
    "rebalance_fail": 49,
    "rebalance_fail_reasons": {
      "pinned_source": 35,
      "no_target_space": 14
    },
    "gpu_util_mean": 5.8791208791208796,
    "gpu_util_p95": 44.0,
    "gpu_mem_util_mean": 5.828536968673687,
    "gpu_mem_util_p95": 32.51546223958333
  },
  "multi-gpu-kv-swapping": {
    "name": "multi-gpu-kv-swapping",
    "total_requests": 32,
    "total_tokens": 512,
    "elapsed_s": 17.72207428100228,
    "throughput_tok_s": 28.890523303406653,
    "goodput_tok_s": 24.37637903724936,
    "mean_ttft_s": 1.689886821406617,
    "p50_ttft_s": 0.10447187250247225,
    "p95_ttft_s": 9.90414959204718,
    "mean_ttpt_s": 0.16835481719925838,
    "p50_ttpt_s": 0.06486036634396442,
    "p95_ttpt_s": 0.6905199464589714,
    "mean_e2e_s": 2.693677075188134,
    "p50_e2e_s": 1.0377658615034306,
    "p95_e2e_s": 11.048319143343543,
    "route_hit_rate": 0.0,
    "routed_to_prefix_owner_rate": 0.0,
    "prefix_hit_rate": 0.8780487804878049,
    "swap_count": 4,
    "rebalance_success": 4,
    "rebalance_fail": 4,
    "rebalance_fail_reasons": {
      "pinned_source": 4
    },
    "gpu_util_mean": 7.6,
    "gpu_util_p95": 60.0,
    "gpu_mem_util_mean": 5.532040550595238,
    "gpu_mem_util_p95": 32.53987630208333
  },
  "multi-gpu-lmpool": {
    "name": "multi-gpu-lmpool",
    "total_requests": 32,
    "total_tokens": 512,
    "elapsed_s": 29.505492818003404,
    "throughput_tok_s": 17.35270117866299,
    "goodput_tok_s": 16.810429266829768,
    "mean_ttft_s": 2.3828582456249023,
    "p50_ttft_s": 2.007057374503347,
    "p95_ttft_s": 8.749752163051017,
    "mean_ttpt_s": 0.25474327609754255,
    "p50_ttpt_s": 0.2435464238124041,
    "p95_ttpt_s": 0.623658664684217,
    "mean_e2e_s": 4.075892417560681,
    "p50_e2e_s": 3.8967427809984656,
    "p95_e2e_s": 9.978538634947473,
    "route_hit_rate": 0.84375,
    "routed_to_prefix_owner_rate": 0.84375,
    "prefix_hit_rate": 0.9285714285714286,
    "swap_count": 0,
    "rebalance_success": 0,
    "rebalance_fail": 61,
    "rebalance_fail_reasons": {
      "pinned_source": 40,
      "no_target_space": 21
    },
    "gpu_util_mean": 4.870431893687708,
    "gpu_util_p95": 40.0,
    "gpu_mem_util_mean": 5.972252863718162,
    "gpu_mem_util_p95": 32.69449869791667
  }
}