{
  "single-gpu": {
    "name": "single-gpu",
    "total_requests": 64,
    "total_tokens": 2048,
    "elapsed_s": 470.1388124929945,
    "throughput_tok_s": 4.356160235186958,
    "goodput_tok_s": 3.8116402057885885,
    "mean_ttft_s": 51.17193365553203,
    "p50_ttft_s": 39.8645572795067,
    "p95_ttft_s": 137.6410707645009,
    "mean_ttpt_s": 1.7689068426499261,
    "p50_ttpt_s": 1.417193388406531,
    "p95_ttpt_s": 4.470853783148527,
    "mean_e2e_s": 56.60501896479764,
    "p50_e2e_s": 45.350188429008995,
    "p95_e2e_s": 143.06732106075287,
    "route_hit_rate": 0.0,
    "routed_to_prefix_owner_rate": 0.0,
    "prefix_hit_rate": 0.984375,
    "transfer_count": 0,
    "transfer_copy_count": 0,
    "rebalance_success": 0,
    "rebalance_fail": 0,
    "rebalance_fail_reasons": {},
    "background_copy_success": 0,
    "background_copy_fail": 0,
    "background_copy_fail_reasons": {},
    "gpu_util_mean": 13.378676470588236,
    "gpu_util_p95": 93.0,
    "gpu_mem_util_mean": 2.719681351273148,
    "gpu_mem_util_p95": 16.434733072916664
  },
  "multi-gpu": {
    "name": "multi-gpu",
    "total_requests": 64,
    "total_tokens": 2048,
    "elapsed_s": 207.29851025099924,
    "throughput_tok_s": 9.879472831330336,
    "goodput_tok_s": 9.879472831330336,
    "mean_ttft_s": 19.691309189720414,
    "p50_ttft_s": 17.318194262501493,
    "p95_ttft_s": 39.87031752150142,
    "mean_ttpt_s": 0.7843259741479827,
    "p50_ttpt_s": 0.7110118072812384,
    "p95_ttpt_s": 1.4162722280702837,
    "mean_e2e_s": 25.098431172735445,
    "p50_e2e_s": 22.752377832999628,
    "p95_e2e_s": 45.32071129824908,
    "route_hit_rate": 0.0,
    "routed_to_prefix_owner_rate": 0.0,
    "prefix_hit_rate": 0.0,
    "transfer_count": 0,
    "transfer_copy_count": 0,
    "rebalance_success": 0,
    "rebalance_fail": 0,
    "rebalance_fail_reasons": {},
    "background_copy_success": 0,
    "background_copy_fail": 0,
    "background_copy_fail_reasons": {},
    "gpu_util_mean": 25.954186413902054,
    "gpu_util_p95": 94.0,
    "gpu_mem_util_mean": 5.482747267270604,
    "gpu_mem_util_p95": 16.914876302083336
  },
  "multi-gpu-kv-routing": {
    "name": "multi-gpu-kv-routing",
    "total_requests": 64,
    "total_tokens": 2048,
    "elapsed_s": 243.6421863430005,
    "throughput_tok_s": 8.405769258353383,
    "goodput_tok_s": 8.27442911369161,
    "mean_ttft_s": 18.164056161703684,
    "p50_ttft_s": 17.356389465501707,
    "p95_ttft_s": 24.915596635997645,
    "mean_ttpt_s": 0.7377542851806851,
    "p50_ttpt_s": 0.7152322785311753,
    "p95_ttpt_s": 0.9508571829140919,
    "mean_e2e_s": 23.608137125781923,
    "p50_e2e_s": 22.88743291299761,
    "p95_e2e_s": 30.427429853250942,
    "route_hit_rate": 0.875,
    "routed_to_prefix_owner_rate": 0.875,
    "prefix_hit_rate": 0.0025176233635448137,
    "transfer_count": 10,
    "transfer_copy_count": 10,
    "rebalance_success": 0,
    "rebalance_fail": 1000,
    "rebalance_fail_reasons": {
      "no_plan": 971,
      "no_target_space": 29
    },
    "background_copy_success": 5,
    "background_copy_fail": 0,
    "background_copy_fail_reasons": {},
    "gpu_util_mean": 26.125195618153363,
    "gpu_util_p95": 94.0,
    "gpu_mem_util_mean": 5.551063087873305,
    "gpu_mem_util_p95": 17.22412109375
  },
  "multi-gpu-kv-transfer": {
    "name": "multi-gpu-kv-transfer",
    "total_requests": 64,
    "total_tokens": 2048,
    "elapsed_s": 304.7160549410037,
    "throughput_tok_s": 6.721011140671649,
    "goodput_tok_s": 5.880884748087693,
    "mean_ttft_s": 31.821573586702925,
    "p50_ttft_s": 17.285059638998064,
    "p95_ttft_s": 136.6755582672522,
    "mean_ttpt_s": 1.1637074446909352,
    "p50_ttpt_s": 0.7126003626406145,
    "p95_ttpt_s": 4.441317207796942,
    "mean_e2e_s": 37.23863823010993,
    "p50_e2e_s": 22.803211604499666,
    "p95_e2e_s": 142.12215064950215,
    "route_hit_rate": 0.0,
    "routed_to_prefix_owner_rate": 0.0,
    "prefix_hit_rate": 0.0,
    "transfer_count": 0,
    "transfer_copy_count": 0,
    "rebalance_success": 0,
    "rebalance_fail": 994,
    "rebalance_fail_reasons": {
      "no_plan": 994
    },
    "background_copy_success": 0,
    "background_copy_fail": 0,
    "background_copy_fail_reasons": {},
    "gpu_util_mean": 26.266192733017377,
    "gpu_util_p95": 94.0,
    "gpu_mem_util_mean": 5.497014516275014,
    "gpu_mem_util_p95": 16.914876302083336
  },
  "multi-gpu-lmpool": {
    "name": "multi-gpu-lmpool",
    "total_requests": 64,
    "total_tokens": 2048,
    "elapsed_s": 195.8735015370039,
    "throughput_tok_s": 10.45572772186899,
    "goodput_tok_s": 10.45572772186899,
    "mean_ttft_s": 17.5851024079368,
    "p50_ttft_s": 17.462600700499024,
    "p95_ttft_s": 21.73402569575046,
    "mean_ttpt_s": 0.7209146854765862,
    "p50_ttpt_s": 0.7203412404530809,
    "p95_ttpt_s": 0.8537966435470707,
    "mean_e2e_s": 23.06926993525076,
    "p50_e2e_s": 23.05091969449859,
    "p95_e2e_s": 27.321492593506264,
    "route_hit_rate": 0.875,
    "routed_to_prefix_owner_rate": 0.875,
    "prefix_hit_rate": 0.002014098690835851,
    "transfer_count": 8,
    "transfer_copy_count": 8,
    "rebalance_success": 0,
    "rebalance_fail": 1000,
    "rebalance_fail_reasons": {
      "no_plan": 981,
      "no_target_space": 19
    },
    "background_copy_success": 4,
    "background_copy_fail": 0,
    "background_copy_fail_reasons": {},
    "gpu_util_mean": 25.310185185185187,
    "gpu_util_p95": 94.0,
    "gpu_mem_util_mean": 5.482357323414996,
    "gpu_mem_util_p95": 17.167154947916664
  }
}