{
  "single-gpu": {
    "name": "single-gpu",
    "total_requests": 128,
    "total_tokens": 8058,
    "elapsed_s": 146.11742418799986,
    "throughput_tok_s": 55.147427110625024,
    "goodput_tok_s": 0.0,
    "mean_ttft_s": 10.27497598718736,
    "p50_ttft_s": 9.488870594999753,
    "p90_ttft_s": 15.756420417499612,
    "p95_ttft_s": 16.300396093750532,
    "mean_ttpt_s": 0.2834300060916718,
    "p50_ttpt_s": 0.2662741279844454,
    "p90_ttpt_s": 0.366930133684366,
    "p95_ttpt_s": 0.3736071721718872,
    "mean_e2e_s": 17.597877047835368,
    "p50_e2e_s": 16.109631691000686,
    "p90_e2e_s": 23.367639063697425,
    "p95_e2e_s": 23.895264185251655,
    "route_hit_rate": 0.0,
    "routed_to_prefix_owner_rate": 0.0,
    "prefix_hit_rate": 0.9921875,
    "transfer_count": 0,
    "transfer_copy_count": 0,
    "rebalance_success": 0,
    "rebalance_fail": 0,
    "rebalance_fail_reasons": {},
    "background_copy_success": 0,
    "background_copy_fail": 0,
    "background_copy_fail_reasons": {},
    "gpu_util_mean": 48.89150943396226,
    "gpu_util_p95": 62.0,
    "gpu_mem_util_mean": 15.918986002604164,
    "gpu_mem_util_p95": 16.483561197916664,
    "rank_stats": {
      "0": {
        "submitted": 128,
        "finished": 128,
        "output_tokens": 8058,
        "first_tokens": 128,
        "prefill_requests": 1214,
        "prefill_prefix_hits": 1206,
        "prefill_tokens": 2316837,
        "decode_tokens": 6844,
        "prefill_time_s": 52.858978527990985,
        "decode_time_s": 60.48209940997913,
        "transfers": 0,
        "copies": 0,
        "rebalance_success": 0,
        "rebalance_fail": 0,
        "background_copy_success": 0,
        "background_copy_fail": 0,
        "local_prefix_hit_rate": 0.9934102141680395,
        "gpu_util_mean": 48.89150943396226,
        "gpu_util_p95": 62.0,
        "gpu_mem_util_mean": 15.918986002604164,
        "gpu_mem_util_p95": 16.483561197916664,
        "physical_gpu_id": 0
      }
    }
  },
  "multi-gpu": {
    "name": "multi-gpu",
    "total_requests": 128,
    "total_tokens": 8147,
    "elapsed_s": 47.939869294001255,
    "throughput_tok_s": 169.94205699721087,
    "goodput_tok_s": 148.5819653849433,
    "mean_ttft_s": 1.7962022608752477,
    "p50_ttft_s": 0.10210357750111143,
    "p90_ttft_s": 13.356120906501019,
    "p95_ttft_s": 13.390906805652776,
    "mean_ttpt_s": 0.09169618722943615,
    "p50_ttpt_s": 0.06499668703901307,
    "p90_ttpt_s": 0.27364545926088796,
    "p95_ttpt_s": 0.2746645801757438,
    "mean_e2e_s": 5.845852424078032,
    "p50_e2e_s": 4.159787970496836,
    "p90_e2e_s": 17.51330939269683,
    "p95_e2e_s": 17.578533131247603,
    "route_hit_rate": 0.0,
    "routed_to_prefix_owner_rate": 0.0,
    "prefix_hit_rate": 0.9296875,
    "transfer_count": 0,
    "transfer_copy_count": 0,
    "rebalance_success": 0,
    "rebalance_fail": 0,
    "rebalance_fail_reasons": {},
    "background_copy_success": 0,
    "background_copy_fail": 0,
    "background_copy_fail_reasons": {},
    "gpu_util_mean": 58.91319444444444,
    "gpu_util_p95": 88.0,
    "gpu_mem_util_mean": 14.152498598451967,
    "gpu_mem_util_p95": 16.841634114583336,
    "rank_stats": {
      "0": {
        "submitted": 32,
        "finished": 32,
        "output_tokens": 2048,
        "first_tokens": 32,
        "prefill_requests": 32,
        "prefill_prefix_hits": 31,
        "prefill_tokens": 60544,
        "decode_tokens": 2016,
        "prefill_time_s": 2.291686318007123,
        "decode_time_s": 27.023030627024127,
        "transfers": 0,
        "copies": 0,
        "rebalance_success": 0,
        "rebalance_fail": 0,
        "background_copy_success": 0,
        "background_copy_fail": 0,
        "local_prefix_hit_rate": 0.96875,
        "gpu_util_mean": 59.31944444444444,
        "gpu_util_p95": 88.0,
        "gpu_mem_util_mean": 14.032264992042823,
        "gpu_mem_util_p95": 16.776529947916664,
        "physical_gpu_id": 0
      },
      "1": {
        "submitted": 32,
        "finished": 32,
        "output_tokens": 2003,
        "first_tokens": 32,
        "prefill_requests": 32,
        "prefill_prefix_hits": 29,
        "prefill_tokens": 60616,
        "decode_tokens": 1971,
        "prefill_time_s": 2.4643154020013753,
        "decode_time_s": 26.723321297096845,
        "transfers": 0,
        "copies": 0,
        "rebalance_success": 0,
        "rebalance_fail": 0,
        "background_copy_success": 0,
        "background_copy_fail": 0,
        "local_prefix_hit_rate": 0.90625,
        "gpu_util_mean": 57.90277777777778,
        "gpu_util_p95": 88.0,
        "gpu_mem_util_mean": 14.105450665509261,
        "gpu_mem_util_p95": 16.841634114583336,
        "physical_gpu_id": 1
      },
      "2": {
        "submitted": 32,
        "finished": 32,
        "output_tokens": 2048,
        "first_tokens": 32,
        "prefill_requests": 32,
        "prefill_prefix_hits": 30,
        "prefill_tokens": 60640,
        "decode_tokens": 2016,
        "prefill_time_s": 2.3606026130219107,
        "decode_time_s": 26.973350829051924,
        "transfers": 0,
        "copies": 0,
        "rebalance_success": 0,
        "rebalance_fail": 0,
        "background_copy_success": 0,
        "background_copy_fail": 0,
        "local_prefix_hit_rate": 0.9375,
        "gpu_util_mean": 59.833333333333336,
        "gpu_util_p95": 88.0,
        "gpu_mem_util_mean": 14.429219563802084,
        "gpu_mem_util_p95": 16.76025390625,
        "physical_gpu_id": 4
      },
      "3": {
        "submitted": 32,
        "finished": 32,
        "output_tokens": 2048,
        "first_tokens": 32,
        "prefill_requests": 32,
        "prefill_prefix_hits": 29,
        "prefill_tokens": 60584,
        "decode_tokens": 2016,
        "prefill_time_s": 2.5501768100075424,
        "decode_time_s": 27.372794123046333,
        "transfers": 0,
        "copies": 0,
        "rebalance_success": 0,
        "rebalance_fail": 0,
        "background_copy_success": 0,
        "background_copy_fail": 0,
        "local_prefix_hit_rate": 0.90625,
        "gpu_util_mean": 58.59722222222222,
        "gpu_util_p95": 88.0,
        "gpu_mem_util_mean": 14.043059172453704,
        "gpu_mem_util_p95": 16.76025390625,
        "physical_gpu_id": 5
      }
    }
  },
  "multi-gpu-kv-routing": {
    "name": "multi-gpu-kv-routing",
    "total_requests": 128,
    "total_tokens": 8192,
    "elapsed_s": 46.0298970119984,
    "throughput_tok_s": 177.97128674575634,
    "goodput_tok_s": 155.72487590253678,
    "mean_ttft_s": 1.164687877430083,
    "p50_ttft_s": 0.1747133954995661,
    "p90_ttft_s": 7.685568223402516,
    "p95_ttft_s": 7.709383480297766,
    "mean_ttpt_s": 0.08143354695496097,
    "p50_ttpt_s": 0.06585958710149953,
    "p90_ttpt_s": 0.18538361340309847,
    "p95_ttpt_s": 0.18627463793514493,
    "mean_e2e_s": 5.211747005117502,
    "p50_e2e_s": 4.21501357449597,
    "p90_e2e_s": 11.864551257798302,
    "p95_e2e_s": 11.921576827849275,
    "route_hit_rate": 0.875,
    "routed_to_prefix_owner_rate": 0.6796875,
    "prefix_hit_rate": 0.765625,
    "transfer_count": 0,
    "transfer_copy_count": 0,
    "rebalance_success": 0,
    "rebalance_fail": 0,
    "rebalance_fail_reasons": {},
    "background_copy_success": 0,
    "background_copy_fail": 0,
    "background_copy_fail_reasons": {},
    "gpu_util_mean": 61.02173913043478,
    "gpu_util_p95": 88.0,
    "gpu_mem_util_mean": 14.413938660552537,
    "gpu_mem_util_p95": 16.841634114583336,
    "rank_stats": {
      "0": {
        "submitted": 34,
        "finished": 34,
        "output_tokens": 2176,
        "first_tokens": 34,
        "prefill_requests": 34,
        "prefill_prefix_hits": 26,
        "prefill_tokens": 64355,
        "decode_tokens": 2142,
        "prefill_time_s": 2.7619882440194488,
        "decode_time_s": 26.539969477998966,
        "transfers": 0,
        "copies": 0,
        "rebalance_success": 0,
        "rebalance_fail": 0,
        "background_copy_success": 0,