{
  "single-gpu": {
    "name": "single-gpu",
    "total_requests": 64,
    "total_tokens": 2048,
    "elapsed_s": 461.7550855659938,
    "throughput_tok_s": 4.435251638841563,
    "goodput_tok_s": 3.8808451839863674,
    "mean_ttft_s": 50.118146274077844,
    "p50_ttft_s": 39.92027735600277,
    "p95_ttft_s": 129.28335619324935,
    "mean_ttpt_s": 1.7359424536840677,
    "p50_ttpt_s": 1.419518878125018,
    "p95_ttpt_s": 4.208206824538934,
    "mean_e2e_s": 55.55015851789017,
    "p50_e2e_s": 45.42460410000058,
    "p95_e2e_s": 134.66261838524588,
    "route_hit_rate": 0.0,
    "routed_to_prefix_owner_rate": 0.0,
    "prefix_hit_rate": 0.984375,
    "transfer_count": 0,
    "transfer_copy_count": 0,
    "rebalance_success": 0,
    "rebalance_fail": 0,
    "rebalance_fail_reasons": {},
    "background_copy_success": 0,
    "background_copy_fail": 0,
    "background_copy_fail_reasons": {},
    "gpu_util_mean": 13.343520782396087,
    "gpu_util_p95": 92.34999999999991,
    "gpu_mem_util_mean": 2.719244714730202,
    "gpu_mem_util_p95": 16.434733072916664
  },
  "multi-gpu": {
    "name": "multi-gpu",
    "total_requests": 64,
    "total_tokens": 2048,
    "elapsed_s": 288.3338146259921,
    "throughput_tok_s": 7.102878317121884,
    "goodput_tok_s": 6.215018527481648,
    "mean_ttft_s": 29.830355207983075,
    "p50_ttft_s": 17.181857403506,
    "p95_ttft_s": 121.40554300300573,
    "mean_ttpt_s": 1.100385683275391,
    "p50_ttpt_s": 0.7090811009377376,
    "p95_ttpt_s": 3.962584001062396,
    "mean_e2e_s": 35.212341864812515,
    "p50_e2e_s": 22.690595230007602,
    "p95_e2e_s": 126.80268803399667,
    "route_hit_rate": 0.0,
    "routed_to_prefix_owner_rate": 0.0,
    "prefix_hit_rate": 0.0,
    "transfer_count": 0,
    "transfer_copy_count": 0,
    "rebalance_success": 0,
    "rebalance_fail": 0,
    "rebalance_fail_reasons": {},
    "background_copy_success": 0,
    "background_copy_fail": 0,
    "background_copy_fail_reasons": {},
    "gpu_util_mean": 26.21484992101106,
    "gpu_util_p95": 94.0,
    "gpu_mem_util_mean": 5.466972620252436,
    "gpu_mem_util_p95": 16.914876302083336
  },
  "multi-gpu-kv-routing": {
    "name": "multi-gpu-kv-routing",
    "total_requests": 64,
    "total_tokens": 2048,
    "elapsed_s": 284.4126342419913,
    "throughput_tok_s": 7.200805285806915,
    "goodput_tok_s": 6.300704625081051,
    "mean_ttft_s": 21.9181166978276,
    "p50_ttft_s": 17.239479471994855,
    "p95_ttft_s": 73.31685489999654,
    "mean_ttpt_s": 0.8111732673212515,
    "p50_ttpt_s": 0.7104170100312786,
    "p95_ttpt_s": 2.463402166093829,
    "mean_e2e_s": 25.957544554280048,
    "p50_e2e_s": 22.733344321000914,
    "p95_e2e_s": 78.82886931500252,
    "route_hit_rate": 0.875,
    "routed_to_prefix_owner_rate": 0.875,
    "prefix_hit_rate": 0.0,
    "transfer_count": 3,
    "transfer_copy_count": 3,
    "rebalance_success": 0,
    "rebalance_fail": 600,
    "rebalance_fail_reasons": {
      "no_plan": 596,
      "no_target_space": 4
    },
    "background_copy_success": 2,
    "background_copy_fail": 0,
    "background_copy_fail_reasons": {},
    "gpu_util_mean": 21.86258865248227,
    "gpu_util_p95": 93.0,
    "gpu_mem_util_mean": 5.524064012171247,
    "gpu_mem_util_p95": 17.12646484375
  },
  "multi-gpu-kv-transfer": {
    "name": "multi-gpu-kv-transfer",
    "total_requests": 64,
    "total_tokens": 2048,
    "elapsed_s": 273.58505137199245,
    "throughput_tok_s": 7.485789116508939,
    "goodput_tok_s": 6.5500654769453215,
    "mean_ttft_s": 27.90867021170402,
    "p50_ttft_s": 17.26375839499815,
    "p95_ttft_s": 105.45215193849799,
    "mean_ttpt_s": 1.04131113466849,
    "p50_ttpt_s": 0.7120307832810795,
    "p95_ttpt_s": 3.465382386163924,
    "mean_e2e_s": 33.32195630939168,
    "p50_e2e_s": 22.784985064994544,
    "p95_e2e_s": 110.89223635724557,
    "route_hit_rate": 0.0,
    "routed_to_prefix_owner_rate": 0.0,
    "prefix_hit_rate": 0.0,
    "transfer_count": 0,
    "transfer_copy_count": 0,
    "rebalance_success": 0,
    "rebalance_fail": 994,
    "rebalance_fail_reasons": {
      "no_plan": 994
    },
    "background_copy_success": 0,
    "background_copy_fail": 0,
    "background_copy_fail_reasons": {},
    "gpu_util_mean": 26.05608214849921,
    "gpu_util_p95": 94.0,
    "gpu_mem_util_mean": 5.501302083333334,
    "gpu_mem_util_p95": 16.914876302083336
  },
  "multi-gpu-lmpool": {
    "name": "multi-gpu-lmpool",
    "total_requests": 64,
    "total_tokens": 2048,
    "elapsed_s": 170.0821602500073,
    "throughput_tok_s": 12.041239345676244,
    "goodput_tok_s": 12.041239345676244,
    "mean_ttft_s": 14.415331603718187,
    "p50_ttft_s": 17.074314069497632,
    "p95_ttft_s": 34.415796788744046,
    "mean_ttpt_s": 0.5792615845893465,
    "p50_ttpt_s": 0.7058171879061774,
    "p95_ttpt_s": 1.2484343353517033,
    "mean_e2e_s": 18.53637070685909,
    "p50_e2e_s": 22.586150012997678,
    "p95_e2e_s": 39.94989873125451,
    "route_hit_rate": 0.875,
    "routed_to_prefix_owner_rate": 0.875,
    "prefix_hit_rate": 0.0,
    "transfer_count": 3,
    "transfer_copy_count": 3,
    "rebalance_success": 0,
    "rebalance_fail": 626,
    "rebalance_fail_reasons": {
      "no_plan": 620,
      "no_target_space": 6
    },
    "background_copy_success": 2,
    "background_copy_fail": 0,
    "background_copy_fail_reasons": {},
    "gpu_util_mean": 22.203208556149733,
    "gpu_util_p95": 94.0,
    "gpu_mem_util_mean": 5.461888531454249,
    "gpu_mem_util_p95": 17.232259114583336
  }
}