{
  "single-gpu": {
    "name": "single-gpu",
    "total_requests": 128,
    "total_tokens": 7990,
    "elapsed_s": 150.11114295799052,
    "throughput_tok_s": 53.22722778971877,
    "goodput_tok_s": 0.10658769019217776,
    "mean_ttft_s": 10.686545585423573,
    "p50_ttft_s": 9.030125096993288,
    "p95_ttft_s": 18.676994588218804,
    "mean_ttpt_s": 0.299129520452144,
    "p50_ttpt_s": 0.2717550004374516,
    "p95_ttpt_s": 0.4130506886624062,
    "mean_e2e_s": 18.07312467001725,
    "p50_e2e_s": 16.304102916503325,
    "p95_e2e_s": 26.338225995392712,
    "route_hit_rate": 0.0,
    "routed_to_prefix_owner_rate": 0.0,
    "prefix_hit_rate": 0.9921875,
    "transfer_count": 0,
    "transfer_copy_count": 0,
    "rebalance_success": 0,
    "rebalance_fail": 0,
    "rebalance_fail_reasons": {},
    "background_copy_success": 0,
    "background_copy_fail": 0,
    "background_copy_fail_reasons": {},
    "gpu_util_mean": 8.120315581854044,
    "gpu_util_p95": 57.0,
    "gpu_mem_util_mean": 2.6605830546823634,
    "gpu_mem_util_p95": 16.483561197916664
  },
  "multi-gpu": {
    "name": "multi-gpu",
    "total_requests": 128,
    "total_tokens": 8083,
    "elapsed_s": 52.619761053996626,
    "throughput_tok_s": 153.61149192041177,
    "goodput_tok_s": 134.75925884048493,
    "mean_ttft_s": 2.3492426478114794,
    "p50_ttft_s": 0.10339890549948905,
    "p95_ttft_s": 18.348883435234892,
    "mean_ttpt_s": 0.10369824331350341,
    "p50_ttpt_s": 0.06498169152359878,
    "p95_ttpt_s": 0.3543031538273226,
    "mean_e2e_s": 6.432042909249731,
    "p50_e2e_s": 4.158504897990497,
    "p95_e2e_s": 22.657078276695394,
    "route_hit_rate": 0.0,
    "routed_to_prefix_owner_rate": 0.0,
    "prefix_hit_rate": 0.96875,
    "transfer_count": 0,
    "transfer_copy_count": 0,
    "rebalance_success": 0,
    "rebalance_fail": 0,
    "rebalance_fail_reasons": {},
    "background_copy_success": 0,
    "background_copy_fail": 0,
    "background_copy_fail_reasons": {},
    "gpu_util_mean": 37.45061728395062,
    "gpu_util_p95": 88.0,
    "gpu_mem_util_mean": 9.505484624164094,
    "gpu_mem_util_p95": 16.971842447916664
  },
  "multi-gpu-kv-routing": {
    "name": "multi-gpu-kv-routing",
    "total_requests": 128,
    "total_tokens": 8164,
    "elapsed_s": 149.38366983499145,
    "throughput_tok_s": 54.65122130831247,
    "goodput_tok_s": 3.8558431496310615,
    "mean_ttft_s": 10.12943138689775,
    "p50_ttft_s": 8.20525642100256,
    "p95_ttft_s": 15.965732162552012,
    "mean_ttpt_s": 0.2702075984808599,
    "p50_ttpt_s": 0.24782831666379934,
    "p95_ttpt_s": 0.37067201531867794,
    "mean_e2e_s": 17.170521127578013,
    "p50_e2e_s": 15.861012266483158,
    "p95_e2e_s": 23.72067566239857,
    "route_hit_rate": 0.875,
    "routed_to_prefix_owner_rate": 0.875,
    "prefix_hit_rate": 0.953125,
    "transfer_count": 0,
    "transfer_copy_count": 0,
    "rebalance_success": 0,
    "rebalance_fail": 0,
    "rebalance_fail_reasons": {},
    "background_copy_success": 0,
    "background_copy_fail": 0,
    "background_copy_fail_reasons": {},
    "gpu_util_mean": 9.575102880658436,
    "gpu_util_p95": 58.0,
    "gpu_mem_util_mean": 10.539423520018861,
    "gpu_mem_util_p95": 17.045084635416664
  },
  "multi-gpu-kv-transfer": {
    "name": "multi-gpu-kv-transfer",
    "total_requests": 128,
    "total_tokens": 8116,
    "elapsed_s": 56.10177485900931,
    "throughput_tok_s": 144.6656548816238,
    "goodput_tok_s": 126.87655636365183,
    "mean_ttft_s": 2.7394663325485453,
    "p50_ttft_s": 0.10378329049854074,
    "p95_ttft_s": 21.01571724939713,
    "mean_ttpt_s": 0.10888803620102612,
    "p50_ttpt_s": 0.06539203511715641,
    "p95_ttpt_s": 0.396201585478866,
    "mean_e2e_s": 6.815168198312222,
    "p50_e2e_s": 4.183398217486683,
    "p95_e2e_s": 25.334862979607713,
    "route_hit_rate": 0.0,
    "routed_to_prefix_owner_rate": 0.0,
    "prefix_hit_rate": 0.9296875,
    "transfer_count": 0,
    "transfer_copy_count": 0,
    "rebalance_success": 0,
    "rebalance_fail": 0,
    "rebalance_fail_reasons": {},
    "background_copy_success": 0,
    "background_copy_fail": 0,
    "background_copy_fail_reasons": {},
    "gpu_util_mean": 35.25438596491228,
    "gpu_util_p95": 88.0,
    "gpu_mem_util_mean": 9.242459719176413,
    "gpu_mem_util_p95": 16.971842447916664
  },
  "multi-gpu-lmpool": {
    "name": "multi-gpu-lmpool",
    "total_requests": 128,
    "total_tokens": 8079,
    "elapsed_s": 58.76684401099919,
    "throughput_tok_s": 137.47547849409577,
    "goodput_tok_s": 117.87258813325923,
    "mean_ttft_s": 2.039906899260359,
    "p50_ttft_s": 0.10470335649733897,
    "p95_ttft_s": 14.385129460810276,
    "mean_ttpt_s": 0.09991816452253446,
    "p50_ttpt_s": 0.06571926226570213,
    "p95_ttpt_s": 0.2959223180914705,
    "mean_e2e_s": 6.329921245879177,
    "p50_e2e_s": 4.203629384501255,
    "p95_e2e_s": 18.939028357854113,
    "route_hit_rate": 0.875,
    "routed_to_prefix_owner_rate": 0.875,
    "prefix_hit_rate": 0.96875,
    "transfer_count": 14,
    "transfer_copy_count": 14,
    "rebalance_success": 0,
    "rebalance_fail": 26,
    "rebalance_fail_reasons": {
      "no_plan": 26
    },
    "background_copy_success": 8,
    "background_copy_fail": 0,
    "background_copy_fail_reasons": {},
    "gpu_util_mean": 32.68888888888889,
    "gpu_util_p95": 88.0,
    "gpu_mem_util_mean": 9.505796079282407,
    "gpu_mem_util_p95": 17.386881510416664
  }
}