{
  "single-gpu": {
    "name": "single-gpu",
    "total_requests": 64,
    "total_tokens": 2032,
    "elapsed_s": 46.878076711000176,
    "throughput_tok_s": 43.346488221501225,
    "goodput_tok_s": 43.346488221501225,
    "mean_ttft_s": 2.0046440464520856,
    "p50_ttft_s": 0.2504536354972515,
    "p95_ttft_s": 10.465721622982528,
    "mean_ttpt_s": 0.17950893034722526,
    "p50_ttpt_s": 0.1236781027341749,
    "p95_ttpt_s": 0.45167156987486123,
    "mean_e2e_s": 5.652565692220833,
    "p50_e2e_s": 3.957699287493597,
    "p95_e2e_s": 14.45349023599556,
    "route_hit_rate": 0.0,
    "routed_to_prefix_owner_rate": 0.0,
    "prefix_hit_rate": 0.984375,
    "transfer_count": 0,
    "transfer_copy_count": 0,
    "rebalance_success": 0,
    "rebalance_fail": 0,
    "rebalance_fail_reasons": {},
    "background_copy_success": 0,
    "background_copy_fail": 0,
    "background_copy_fail_reasons": {},
    "gpu_util_mean": 6.9245283018867925,
    "gpu_util_p95": 55.14999999999998,
    "gpu_mem_util_mean": 2.428981693035902,
    "gpu_mem_util_p95": 16.280110677083336
  },
  "multi-gpu": {
    "name": "multi-gpu",
    "total_requests": 64,
    "total_tokens": 2032,
    "elapsed_s": 36.581793719989946,
    "throughput_tok_s": 55.54675682536647,
    "goodput_tok_s": 55.54675682536647,
    "mean_ttft_s": 2.517884111188323,
    "p50_ttft_s": 0.10346798549289815,
    "p95_ttft_s": 19.33848807526374,
    "mean_ttpt_s": 0.14101974361619796,
    "p50_ttpt_s": 0.06372622589105958,
    "p95_ttpt_s": 0.6660409123905993,
    "mean_e2e_s": 4.496030043030714,
    "p50_e2e_s": 2.0385028235032223,
    "p95_e2e_s": 21.313309196499176,
    "route_hit_rate": 0.0,
    "routed_to_prefix_owner_rate": 0.0,
    "prefix_hit_rate": 0.875,
    "transfer_count": 0,
    "transfer_copy_count": 0,
    "rebalance_success": 0,
    "rebalance_fail": 0,
    "rebalance_fail_reasons": {},
    "background_copy_success": 0,
    "background_copy_fail": 0,
    "background_copy_fail_reasons": {},
    "gpu_util_mean": 28.533333333333335,
    "gpu_util_p95": 87.0,
    "gpu_mem_util_mean": 8.384137834821429,
    "gpu_mem_util_p95": 16.963704427083336
  },
  "multi-gpu-kv-routing": {
    "name": "multi-gpu-kv-routing",
    "total_requests": 64,
    "total_tokens": 2030,
    "elapsed_s": 37.66820738199749,
    "throughput_tok_s": 53.89160093055514,
    "goodput_tok_s": 53.89160093055514,
    "mean_ttft_s": 1.7186534041729828,
    "p50_ttft_s": 0.105293464512215,
    "p95_ttft_s": 12.522942323499592,
    "mean_ttpt_s": 0.1193949229793598,
    "p50_ttpt_s": 0.06780432698406003,
    "p95_ttpt_s": 0.4669298549058567,
    "mean_e2e_s": 3.8016004827354664,
    "p50_e2e_s": 2.1677015430032043,
    "p95_e2e_s": 14.941755356987414,
    "route_hit_rate": 0.875,
    "routed_to_prefix_owner_rate": 0.875,
    "prefix_hit_rate": 0.9375,
    "transfer_count": 0,
    "transfer_copy_count": 0,
    "rebalance_success": 0,
    "rebalance_fail": 0,
    "rebalance_fail_reasons": {},
    "background_copy_success": 0,
    "background_copy_fail": 0,
    "background_copy_fail_reasons": {},
    "gpu_util_mean": 13.966666666666667,
    "gpu_util_p95": 84.0,
    "gpu_mem_util_mean": 8.308531746031745,
    "gpu_mem_util_p95": 16.947428385416664
  },
  "multi-gpu-kv-transfer": {
    "name": "multi-gpu-kv-transfer",
    "total_requests": 64,
    "total_tokens": 2048,
    "elapsed_s": 36.7497346670134,
    "throughput_tok_s": 55.72829351168859,
    "goodput_tok_s": 55.72829351168859,
    "mean_ttft_s": 2.4511976896415035,
    "p50_ttft_s": 0.10358084150357172,
    "p95_ttft_s": 19.28062880475045,
    "mean_ttpt_s": 0.13920272669578537,
    "p50_ttpt_s": 0.06407407918732133,
    "p95_ttpt_s": 0.6736135141170507,
    "mean_e2e_s": 4.454487254265132,
    "p50_e2e_s": 2.0503705339942826,
    "p95_e2e_s": 21.555632451745623,
    "route_hit_rate": 0.0,
    "routed_to_prefix_owner_rate": 0.0,
    "prefix_hit_rate": 0.90625,
    "transfer_count": 0,
    "transfer_copy_count": 0,
    "rebalance_success": 0,
    "rebalance_fail": 0,
    "rebalance_fail_reasons": {},
    "background_copy_success": 0,
    "background_copy_fail": 0,
    "background_copy_fail_reasons": {},
    "gpu_util_mean": 28.285714285714285,
    "gpu_util_p95": 87.0,
    "gpu_mem_util_mean": 8.344145275297619,
    "gpu_mem_util_p95": 16.963704427083336
  },
  "multi-gpu-lmpool": {
    "name": "multi-gpu-lmpool",
    "total_requests": 64,
    "total_tokens": 2047,
    "elapsed_s": 38.17497538300813,
    "throughput_tok_s": 53.621514603808485,
    "goodput_tok_s": 53.621514603808485,
    "mean_ttft_s": 1.890715540513611,
    "p50_ttft_s": 0.10057250451063737,
    "p95_ttft_s": 13.95523801674426,
    "mean_ttpt_s": 0.12323970209114203,
    "p50_ttpt_s": 0.06626658681261688,
    "p95_ttpt_s": 0.5134909765547491,
    "mean_e2e_s": 3.942615687685702,
    "p50_e2e_s": 2.117857843506499,
    "p95_e2e_s": 16.43171124975197,
    "route_hit_rate": 0.875,
    "routed_to_prefix_owner_rate": 0.875,
    "prefix_hit_rate": 0.9375,
    "transfer_count": 0,
    "transfer_copy_count": 0,
    "rebalance_success": 0,
    "rebalance_fail": 0,
    "rebalance_fail_reasons": {},
    "background_copy_success": 0,
    "background_copy_fail": 0,
    "background_copy_fail_reasons": {},
    "gpu_util_mean": 15.38425925925926,
    "gpu_util_p95": 85.0,
    "gpu_mem_util_mean": 8.340868537808642,
    "gpu_mem_util_p95": 16.971842447916664
  }
}