{
  "single-gpu": {
    "name": "single-gpu",
    "total_requests": 128,
    "total_tokens": 8124,
    "elapsed_s": 150.35822081199876,
    "throughput_tok_s": 54.030966555250004,
    "goodput_tok_s": 0.0,
    "mean_ttft_s": 10.370764683999482,
    "p50_ttft_s": 8.51511690100233,
    "p90_ttft_s": 14.679868391199125,
    "p95_ttft_s": 16.529821488801097,
    "mean_ttpt_s": 0.2834114644721768,
    "p50_ttpt_s": 0.25277003411713395,
    "p90_ttpt_s": 0.34883204945305124,
    "p95_ttpt_s": 0.3779273578820323,
    "mean_e2e_s": 17.853099441312168,
    "p50_e2e_s": 16.104269571496843,
    "p90_e2e_s": 22.319361272201057,
    "p95_e2e_s": 24.18282166440149,
    "route_hit_rate": 0.0,
    "routed_to_prefix_owner_rate": 0.0,
    "prefix_hit_rate": 0.9921875,
    "transfer_count": 0,
    "transfer_copy_count": 0,
    "rebalance_success": 0,
    "rebalance_fail": 0,
    "rebalance_fail_reasons": {},
    "background_copy_success": 0,
    "background_copy_fail": 0,
    "background_copy_fail_reasons": {},
    "gpu_util_mean": 49.821917808219176,
    "gpu_util_p95": 61.0,
    "gpu_mem_util_mean": 15.749485706811265,
    "gpu_mem_util_p95": 16.280110677083336,
    "rank_stats": {
      "0": {
        "submitted": 128,
        "finished": 128,
        "output_tokens": 8124,
        "first_tokens": 128,
        "prefill_requests": 1248,
        "prefill_prefix_hits": 1245,
        "prefill_tokens": 2386066,
        "decode_tokens": 6876,
        "prefill_time_s": 54.478040019836044,
        "decode_time_s": 62.09529222016863,
        "transfers": 0,
        "copies": 0,
        "rebalance_success": 0,
        "rebalance_fail": 0,
        "background_copy_success": 0,
        "background_copy_fail": 0,
        "local_prefix_hit_rate": 0.9975961538461539,
        "gpu_util_mean": 49.821917808219176,
        "gpu_util_p95": 61.0,
        "gpu_mem_util_mean": 15.749485706811265,
        "gpu_mem_util_p95": 16.280110677083336,
        "physical_gpu_id": 0
      }
    }
  },
  "multi-gpu": {
    "name": "multi-gpu",
    "total_requests": 128,
    "total_tokens": 8145,
    "elapsed_s": 46.67243736299861,
    "throughput_tok_s": 174.51413425554813,
    "goodput_tok_s": 152.573990182168,
    "mean_ttft_s": 1.658409765734973,
    "p50_ttft_s": 0.10885504050384043,
    "p90_ttft_s": 12.22391222580336,
    "p95_ttft_s": 12.25602746330187,
    "mean_ttpt_s": 0.0896322278914892,
    "p50_ttpt_s": 0.06529197302342027,
    "p90_ttpt_s": 0.2559244897359349,
    "p95_ttpt_s": 0.25660054422189094,
    "mean_e2e_s": 5.71244218067244,
    "p50_e2e_s": 4.1774529139984224,
    "p90_e2e_s": 16.379167343099834,
    "p95_e2e_s": 16.42243483020102,
    "route_hit_rate": 0.0,
    "routed_to_prefix_owner_rate": 0.0,
    "prefix_hit_rate": 0.9375,
    "transfer_count": 0,
    "transfer_copy_count": 0,
    "rebalance_success": 0,
    "rebalance_fail": 0,
    "rebalance_fail_reasons": {},
    "background_copy_success": 0,
    "background_copy_fail": 0,
    "background_copy_fail_reasons": {},
    "gpu_util_mean": 60.013888888888886,
    "gpu_util_p95": 88.0,
    "gpu_mem_util_mean": 14.516152275933159,
    "gpu_mem_util_p95": 16.841634114583336,
    "rank_stats": {
      "0": {
        "submitted": 32,
        "finished": 32,
        "output_tokens": 2048,
        "first_tokens": 32,
        "prefill_requests": 32,
        "prefill_prefix_hits": 31,
        "prefill_tokens": 60544,
        "decode_tokens": 2016,
        "prefill_time_s": 2.4944878019887256,
        "decode_time_s": 27.27861588809901,
        "transfers": 0,
        "copies": 0,
        "rebalance_success": 0,
        "rebalance_fail": 0,
        "background_copy_success": 0,
        "background_copy_fail": 0,
        "local_prefix_hit_rate": 0.96875,
        "gpu_util_mean": 59.416666666666664,
        "gpu_util_p95": 88.0,
        "gpu_mem_util_mean": 14.396893536603008,
        "gpu_mem_util_p95": 16.776529947916664,
        "physical_gpu_id": 0
      },
      "1": {
        "submitted": 32,
        "finished": 32,
        "output_tokens": 2001,
        "first_tokens": 32,
        "prefill_requests": 32,
        "prefill_prefix_hits": 29,
        "prefill_tokens": 60616,
        "decode_tokens": 1969,
        "prefill_time_s": 2.420680965005886,
        "decode_time_s": 26.853668124946125,
        "transfers": 0,
        "copies": 0,
        "rebalance_success": 0,
        "rebalance_fail": 0,
        "background_copy_success": 0,
        "background_copy_fail": 0,
        "local_prefix_hit_rate": 0.90625,
        "gpu_util_mean": 58.97222222222222,
        "gpu_util_p95": 88.0,
        "gpu_mem_util_mean": 14.471774631076391,
        "gpu_mem_util_p95": 16.841634114583336,
        "physical_gpu_id": 1
      },
      "2": {
        "submitted": 32,
        "finished": 32,
        "output_tokens": 2048,
        "first_tokens": 32,
        "prefill_requests": 32,
        "prefill_prefix_hits": 30,
        "prefill_tokens": 60640,
        "decode_tokens": 2016,
        "prefill_time_s": 2.2933870650012977,
        "decode_time_s": 27.11053794900363,
        "transfers": 0,
        "copies": 0,
        "rebalance_success": 0,
        "rebalance_fail": 0,
        "background_copy_success": 0,
        "background_copy_fail": 0,
        "local_prefix_hit_rate": 0.9375,
        "gpu_util_mean": 60.02777777777778,
        "gpu_util_p95": 88.45,
        "gpu_mem_util_mean": 14.563383879484954,
        "gpu_mem_util_p95": 16.76025390625,
        "physical_gpu_id": 4
      },
      "3": {
        "submitted": 32,
        "finished": 32,
        "output_tokens": 2048,
        "first_tokens": 32,
        "prefill_requests": 32,
        "prefill_prefix_hits": 30,
        "prefill_tokens": 60584,
        "decode_tokens": 2016,
        "prefill_time_s": 2.366521129020839,
        "decode_time_s": 27.41234599591553,
        "transfers": 0,
        "copies": 0,
        "rebalance_success": 0,
        "rebalance_fail": 0,
        "background_copy_success": 0,
        "background_copy_fail": 0,
        "local_prefix_hit_rate": 0.9375,
        "gpu_util_mean": 61.638888888888886,
        "gpu_util_p95": 88.0,
        "gpu_mem_util_mean": 14.632557056568286,
        "gpu_mem_util_p95": 16.76025390625,
        "physical_gpu_id": 5
      }
    }
  },
  "multi-gpu-kv-routing": {
    "name": "multi-gpu-kv-routing",
    "total_requests": 128,
    "total_tokens": 8076,
    "elapsed_s": 74.63262922000285,
    "throughput_tok_s": 108.21004277088352,
    "goodput_tok_s": 83.34156340204254,
    "mean_ttft_s": 2.068589779750539,
    "p50_ttft_s": 0.24344452350123902,
    "p90_ttft_s": 8.62059660610321,
    "p95_ttft_s": 8.64893430180382,
    "mean_ttpt_s": 0.1317992536502586,
    "p50_ttpt_s": 0.12242332892964214,
    "p90_ttpt_s": 0.20017996787032644,
    "p95_ttpt_s": 0.20117728609692448,
    "mean_e2e_s": 8.32097042492984,
    "p50_e2e_s": 7.803096900497621,
    "p90_e2e_s": 12.811517943700892,
    "p95_e2e_s": 12.875346310203167,
    "route_hit_rate": 0.875,
    "routed_to_prefix_owner_rate": 0.875,
    "prefix_hit_rate": 0.953125,
    "transfer_count": 0,
    "transfer_copy_count": 0,
    "rebalance_success": 0,
    "rebalance_fail": 0,
    "rebalance_fail_reasons": {},
    "background_copy_success": 0,
    "background_copy_fail": 0,
    "background_copy_fail_reasons": {},
    "gpu_util_mean": 26.741071428571427,
    "gpu_util_p95": 80.0,
    "gpu_mem_util_mean": 15.227399553571429,
    "gpu_mem_util_p95": 16.971842447916664,
    "rank_stats": {
      "0": {
        "submitted": 58,
        "finished": 58,
        "output_tokens": 3633,
        "first_tokens": 58,
        "prefill_requests": 423,
        "prefill_prefix_hits": 420,
        "prefill_tokens": 806252,
        "decode_tokens": 3210,
        "prefill_time_s": 19.343797794092097,
        "decode_time_s": 30.12451781695563,
        "transfers": 0,
        "copies": 0,
        "rebalance_success": 0,
        "rebalance_fail": 0,
        "background_copy_success": 0,