{
  "single-gpu": {
    "name": "single-gpu",
    "total_requests": 64,
    "total_tokens": 2048,
    "elapsed_s": 49.894656682998175,
    "throughput_tok_s": 41.04647944592161,
    "goodput_tok_s": 41.04647944592161,
    "mean_ttft_s": 2.0971691211098005,
    "p50_ttft_s": 0.27209914100239985,
    "p95_ttft_s": 10.64604723299999,
    "mean_ttpt_s": 0.18521581377770246,
    "p50_ttpt_s": 0.12864296476573145,
    "p95_ttpt_s": 0.45954474466452666,
    "mean_e2e_s": 5.926906040886479,
    "p50_e2e_s": 4.116574872503406,
    "p95_e2e_s": 14.705431829264853,
    "route_hit_rate": 0.0,
    "routed_to_prefix_owner_rate": 0.0,
    "prefix_hit_rate": 0.984375,
    "transfer_count": 0,
    "transfer_copy_count": 0,
    "rebalance_success": 0,
    "rebalance_fail": 0,
    "rebalance_fail_reasons": {},
    "background_copy_success": 0,
    "background_copy_fail": 0,
    "background_copy_fail_reasons": {},
    "gpu_util_mean": 40.232142857142854,
    "gpu_util_p95": 100.0,
    "gpu_mem_util_mean": 8.213224865141369,
    "gpu_mem_util_p95": 17.386881510416664
  },
  "multi-gpu": {
    "name": "multi-gpu",
    "total_requests": 64,
    "total_tokens": 2047,
    "elapsed_s": 51.062180161010474,
    "throughput_tok_s": 40.088378395621795,
    "goodput_tok_s": 40.088378395621795,
    "mean_ttft_s": 2.876676193532603,
    "p50_ttft_s": 0.270428048010217,
    "p95_ttft_s": 21.45962400924327,
    "mean_ttpt_s": 0.18999819074778107,
    "p50_ttpt_s": 0.14566977378126467,
    "p95_ttpt_s": 0.8127608262418562,
    "mean_e2e_s": 6.078993180045927,
    "p50_e2e_s": 4.661432761000469,
    "p95_e2e_s": 26.008346439739398,
    "route_hit_rate": 0.0,
    "routed_to_prefix_owner_rate": 0.0,
    "prefix_hit_rate": 0.75,
    "transfer_count": 0,
    "transfer_copy_count": 0,
    "rebalance_success": 0,
    "rebalance_fail": 0,
    "rebalance_fail_reasons": {},
    "background_copy_success": 0,
    "background_copy_fail": 0,
    "background_copy_fail_reasons": {},
    "gpu_util_mean": 49.455128205128204,
    "gpu_util_p95": 100.0,
    "gpu_mem_util_mean": 14.28981683193109,
    "gpu_mem_util_p95": 33.42692057291667
  },
  "multi-gpu-kv-routing": {
    "name": "multi-gpu-kv-routing",
    "total_requests": 64,
    "total_tokens": 2032,
    "elapsed_s": 106.44881123499363,
    "throughput_tok_s": 19.08898724584354,
    "goodput_tok_s": 19.08898724584354,
    "mean_ttft_s": 4.847866478468859,
    "p50_ttft_s": 3.951070425508078,
    "p95_ttft_s": 15.595378856240131,
    "mean_ttpt_s": 0.37566281765325016,
    "p50_ttpt_s": 0.3558129514694883,
    "p95_ttpt_s": 0.726715122132191,
    "mean_e2e_s": 11.98592565070112,
    "p50_e2e_s": 11.386014447023626,
    "p95_e2e_s": 23.254883908230113,
    "route_hit_rate": 0.875,
    "routed_to_prefix_owner_rate": 0.875,
    "prefix_hit_rate": 0.9375,
    "transfer_count": 0,
    "transfer_copy_count": 0,
    "rebalance_success": 0,
    "rebalance_fail": 300,
    "rebalance_fail_reasons": {
      "no_target_space": 232,
      "no_plan": 68
    },
    "background_copy_success": 0,
    "background_copy_fail": 0,
    "background_copy_fail_reasons": {},
    "gpu_util_mean": 33.833333333333336,
    "gpu_util_p95": 100.0,
    "gpu_mem_util_mean": 15.461879493915928,
    "gpu_mem_util_p95": 33.43505859375
  },
  "multi-gpu-kv-transfer": {
    "name": "multi-gpu-kv-transfer",
    "total_requests": 64,
    "total_tokens": 2048,
    "elapsed_s": 51.55401070800144,
    "throughput_tok_s": 39.72532828919439,
    "goodput_tok_s": 39.72532828919439,
    "mean_ttft_s": 2.951360668842426,
    "p50_ttft_s": 0.24241799549781717,
    "p95_ttft_s": 22.10940473824303,
    "mean_ttpt_s": 0.19266981800485894,
    "p50_ttpt_s": 0.14579457345325864,
    "p95_ttpt_s": 0.8374976911177328,
    "mean_e2e_s": 6.165434176155486,
    "p50_e2e_s": 4.665426350504276,
    "p95_e2e_s": 26.799926115767448,
    "route_hit_rate": 0.0,
    "routed_to_prefix_owner_rate": 0.0,
    "prefix_hit_rate": 0.734375,
    "transfer_count": 0,
    "transfer_copy_count": 0,
    "rebalance_success": 0,
    "rebalance_fail": 0,
    "rebalance_fail_reasons": {},
    "background_copy_success": 0,
    "background_copy_fail": 0,
    "background_copy_fail_reasons": {},
    "gpu_util_mean": 50.330065359477125,
    "gpu_util_p95": 100.0,
    "gpu_mem_util_mean": 14.382036994485295,
    "gpu_mem_util_p95": 33.42692057291667
  },
  "multi-gpu-lmpool": {
    "name": "multi-gpu-lmpool",
    "total_requests": 64,
    "total_tokens": 2048,
    "elapsed_s": 47.96842299200944,
    "throughput_tok_s": 42.69475359532155,
    "goodput_tok_s": 42.69475359532155,
    "mean_ttft_s": 2.1347477430481376,
    "p50_ttft_s": 0.14596380751754623,
    "p95_ttft_s": 14.988902582248556,
    "mean_ttpt_s": 0.15683368278027388,
    "p50_ttpt_s": 0.06972109707839991,
    "p95_ttpt_s": 0.611808669905713,
    "mean_e2e_s": 5.018677848968764,
    "p50_e2e_s": 2.231075106508797,
    "p95_e2e_s": 19.577877436982817,
    "route_hit_rate": 0.875,
    "routed_to_prefix_owner_rate": 0.875,
    "prefix_hit_rate": 0.921875,
    "transfer_count": 21,
    "transfer_copy_count": 21,
    "rebalance_success": 0,
    "rebalance_fail": 0,
    "rebalance_fail_reasons": {},
    "background_copy_success": 12,
    "background_copy_fail": 0,
    "background_copy_fail_reasons": {},
    "gpu_util_mean": 45.12152777777778,
    "gpu_util_p95": 100.0,
    "gpu_mem_util_mean": 14.519868073640046,
    "gpu_mem_util_p95": 33.91520182291667
  }
}