{
  "single-gpu": {
    "name": "single-gpu",
    "total_requests": 128,
    "total_tokens": 8103,
    "elapsed_s": 151.03087478299858,
    "throughput_tok_s": 53.65128164451411,
    "goodput_tok_s": 53.65128164451411,
    "mean_ttft_s": 10.737952653962793,
    "p50_ttft_s": 9.37556568501168,
    "p95_ttft_s": 18.54029476986034,
    "mean_ttpt_s": 0.2902448061676418,
    "p50_ttpt_s": 0.2650208921406829,
    "p95_ttpt_s": 0.40936447829471945,
    "mean_e2e_s": 18.17036607029445,
    "p50_e2e_s": 16.88763628999004,
    "p95_e2e_s": 26.18900915820559,
    "route_hit_rate": 0.0,
    "routed_to_prefix_owner_rate": 0.0,
    "prefix_hit_rate": 0.9921875,
    "transfer_count": 0,
    "transfer_copy_count": 0,
    "rebalance_success": 0,
    "rebalance_fail": 0,
    "rebalance_fail_reasons": {},
    "background_copy_success": 0,
    "background_copy_fail": 0,
    "background_copy_fail_reasons": {},
    "gpu_util_mean": 8.076923076923077,
    "gpu_util_p95": 57.0,
    "gpu_mem_util_mean": 2.6306874653291423,
    "gpu_mem_util_p95": 16.280110677083336
  },
  "multi-gpu": {
    "name": "multi-gpu",
    "total_requests": 128,
    "total_tokens": 8192,
    "elapsed_s": 52.67310612500296,
    "throughput_tok_s": 155.52528800103184,
    "goodput_tok_s": 155.52528800103184,
    "mean_ttft_s": 2.4803601548658207,
    "p50_ttft_s": 0.1772127985022962,
    "p95_ttft_s": 18.875332115787025,
    "mean_ttpt_s": 0.10194153051599741,
    "p50_ttpt_s": 0.06507842364067074,
    "p95_ttpt_s": 0.3606101864756056,
    "mean_e2e_s": 6.5242579530238345,
    "p50_e2e_s": 4.165019113002927,
    "p95_e2e_s": 23.07905193443876,
    "route_hit_rate": 0.0,
    "routed_to_prefix_owner_rate": 0.0,
    "prefix_hit_rate": 0.75,
    "transfer_count": 0,
    "transfer_copy_count": 0,
    "rebalance_success": 0,
    "rebalance_fail": 0,
    "rebalance_fail_reasons": {},
    "background_copy_success": 0,
    "background_copy_fail": 0,
    "background_copy_fail_reasons": {},
    "gpu_util_mean": 36.370370370370374,
    "gpu_util_p95": 88.0,
    "gpu_mem_util_mean": 9.115211267039609,
    "gpu_mem_util_p95": 16.971842447916664
  },
  "multi-gpu-kv-routing": {
    "name": "multi-gpu-kv-routing",
    "total_requests": 128,
    "total_tokens": 8110,
    "elapsed_s": 147.58703411801253,
    "throughput_tok_s": 54.950626580890145,
    "goodput_tok_s": 54.950626580890145,
    "mean_ttft_s": 10.024029291548231,
    "p50_ttft_s": 9.810724732509698,
    "p95_ttft_s": 14.948950159210654,
    "mean_ttpt_s": 0.2691696217307428,
    "p50_ttpt_s": 0.27364852315622556,
    "p95_ttpt_s": 0.369370994774857,
    "mean_e2e_s": 17.08765495936086,
    "p50_e2e_s": 17.18907877500169,
    "p95_e2e_s": 22.68349198616779,
    "route_hit_rate": 0.875,
    "routed_to_prefix_owner_rate": 0.875,
    "prefix_hit_rate": 0.9609375,
    "transfer_count": 0,
    "transfer_copy_count": 0,
    "rebalance_success": 0,
    "rebalance_fail": 0,
    "rebalance_fail_reasons": {},
    "background_copy_success": 0,
    "background_copy_fail": 0,
    "background_copy_fail_reasons": {},
    "gpu_util_mean": 8.89375,
    "gpu_util_p95": 58.0,
    "gpu_mem_util_mean": 10.585945977105034,
    "gpu_mem_util_p95": 16.971842447916664
  },
  "multi-gpu-kv-transfer": {
    "name": "multi-gpu-kv-transfer",
    "total_requests": 128,
    "total_tokens": 8111,
    "elapsed_s": 56.153211288008606,
    "throughput_tok_s": 144.444098813848,
    "goodput_tok_s": 144.444098813848,
    "mean_ttft_s": 2.772207356453009,
    "p50_ttft_s": 0.10370955249527469,
    "p95_ttft_s": 21.371907132695195,
    "mean_ttpt_s": 0.11058243738188862,
    "p50_ttpt_s": 0.06569698853900263,
    "p95_ttpt_s": 0.39956325413909327,
    "mean_e2e_s": 6.855061850501215,
    "p50_e2e_s": 4.201681764490786,
    "p95_e2e_s": 25.55942916419881,
    "route_hit_rate": 0.0,
    "routed_to_prefix_owner_rate": 0.0,
    "prefix_hit_rate": 0.9375,
    "transfer_count": 0,
    "transfer_copy_count": 0,
    "rebalance_success": 0,
    "rebalance_fail": 0,
    "rebalance_fail_reasons": {},
    "background_copy_success": 0,
    "background_copy_fail": 0,
    "background_copy_fail_reasons": {},
    "gpu_util_mean": 35.85964912280702,
    "gpu_util_p95": 87.94999999999999,
    "gpu_mem_util_mean": 9.11132336592349,
    "gpu_mem_util_p95": 16.971842447916664
  },
  "multi-gpu-lmpool": {
    "name": "multi-gpu-lmpool",
    "total_requests": 128,
    "total_tokens": 8141,
    "elapsed_s": 58.16534016397782,
    "throughput_tok_s": 139.96307727332393,
    "goodput_tok_s": 139.96307727332393,
    "mean_ttft_s": 1.9123238571410184,
    "p50_ttft_s": 0.11067599950183649,
    "p95_ttft_s": 12.752946546353632,
    "mean_ttpt_s": 0.09840246169766113,
    "p50_ttpt_s": 0.06586277573433108,
    "p95_ttpt_s": 0.27161772592112354,
    "mean_e2e_s": 6.2663324383818235,
    "p50_e2e_s": 4.210989150495152,
    "p95_e2e_s": 17.383534458951907,
    "route_hit_rate": 0.875,
    "routed_to_prefix_owner_rate": 0.875,
    "prefix_hit_rate": 0.953125,
    "transfer_count": 14,
    "transfer_copy_count": 14,
    "rebalance_success": 0,
    "rebalance_fail": 34,
    "rebalance_fail_reasons": {
      "no_plan": 33,
      "no_target_space": 1
    },
    "background_copy_success": 8,
    "background_copy_fail": 0,
    "background_copy_fail_reasons": {},
    "gpu_util_mean": 32.077777777777776,
    "gpu_util_p95": 87.0,
    "gpu_mem_util_mean": 9.814746997974536,
    "gpu_mem_util_p95": 17.386881510416664
  }
}