{
  "single-gpu": {
    "name": "single-gpu",
    "total_requests": 64,
    "total_tokens": 2048,
    "elapsed_s": 462.347920722008,
    "throughput_tok_s": 4.429564637820408,
    "goodput_tok_s": 3.875869058092857,
    "mean_ttft_s": 50.125208486140764,
    "p50_ttft_s": 40.294208936007635,
    "p95_ttft_s": 126.4609777449914,
    "mean_ttpt_s": 1.737993334161125,
    "p50_ttpt_s": 1.4328965059530674,
    "p95_ttpt_s": 4.123289556335749,
    "mean_e2e_s": 55.615786693156,
    "p50_e2e_s": 45.85268819049816,
    "p95_e2e_s": 131.94526580274396,
    "route_hit_rate": 0.0,
    "routed_to_prefix_owner_rate": 0.0,
    "prefix_hit_rate": 0.984375,
    "transfer_count": 0,
    "transfer_copy_count": 0,
    "rebalance_success": 0,
    "rebalance_fail": 0,
    "rebalance_fail_reasons": {},
    "background_copy_success": 0,
    "background_copy_fail": 0,
    "background_copy_fail_reasons": {},
    "gpu_util_mean": 13.400966183574878,
    "gpu_util_p95": 93.0,
    "gpu_mem_util_mean": 2.7196289324594063,
    "gpu_mem_util_p95": 16.434733072916664
  },
  "multi-gpu": {
    "name": "multi-gpu",
    "total_requests": 64,
    "total_tokens": 2048,
    "elapsed_s": 242.23539894999703,
    "throughput_tok_s": 8.454585947707644,
    "goodput_tok_s": 7.3977627042441885,
    "mean_ttft_s": 23.968990559656277,
    "p50_ttft_s": 17.20287653899868,
    "p95_ttft_s": 74.27033177275007,
    "mean_ttpt_s": 0.917715367066954,
    "p50_ttpt_s": 0.7095204130625916,
    "p95_ttpt_s": 2.4907979573439434,
    "mean_e2e_s": 29.366891746142528,
    "p50_e2e_s": 22.70465321800293,
    "p95_e2e_s": 79.70553463500619,
    "route_hit_rate": 0.0,
    "routed_to_prefix_owner_rate": 0.0,
    "prefix_hit_rate": 0.0,
    "transfer_count": 0,
    "transfer_copy_count": 0,
    "rebalance_success": 0,
    "rebalance_fail": 0,
    "rebalance_fail_reasons": {},
    "background_copy_success": 0,
    "background_copy_fail": 0,
    "background_copy_fail_reasons": {},
    "gpu_util_mean": 26.54874213836478,
    "gpu_util_p95": 94.0,
    "gpu_mem_util_mean": 5.487530786286361,
    "gpu_mem_util_p95": 16.914876302083336
  },
  "multi-gpu-kv-routing": {
    "name": "multi-gpu-kv-routing",
    "total_requests": 64,
    "total_tokens": 2048,
    "elapsed_s": 331.3263631949958,
    "throughput_tok_s": 6.181216551110027,
    "goodput_tok_s": 5.408564482221274,
    "mean_ttft_s": 28.705559120202906,
    "p50_ttft_s": 17.311143441998865,
    "p95_ttft_s": 108.3590348559992,
    "mean_ttpt_s": 1.0666312623027139,
    "p50_ttpt_s": 0.7139899790313393,
    "p95_ttpt_s": 3.5569849345779403,
    "mean_e2e_s": 34.132200393686844,
    "p50_e2e_s": 22.847679329002858,
    "p95_e2e_s": 113.82351790649409,
    "route_hit_rate": 0.875,
    "routed_to_prefix_owner_rate": 0.875,
    "prefix_hit_rate": 0.03125,
    "transfer_count": 4,
    "transfer_copy_count": 4,
    "rebalance_success": 0,
    "rebalance_fail": 997,
    "rebalance_fail_reasons": {
      "no_plan": 973,
      "no_target_space": 24
    },
    "background_copy_success": 2,
    "background_copy_fail": 0,
    "background_copy_fail_reasons": {},
    "gpu_util_mean": 26.113458528951487,
    "gpu_util_p95": 94.0,
    "gpu_mem_util_mean": 5.5043076747522175,
    "gpu_mem_util_p95": 17.17529296875
  },
  "multi-gpu-kv-transfer": {
    "name": "multi-gpu-kv-transfer",
    "total_requests": 64,
    "total_tokens": 2048,
    "elapsed_s": 297.109937524001,
    "throughput_tok_s": 6.8930713562368116,
    "goodput_tok_s": 6.03143743670721,
    "mean_ttft_s": 30.819200781578047,
    "p50_ttft_s": 17.32613124249474,
    "p95_ttft_s": 128.3730666559968,
    "mean_ttpt_s": 1.1328166414364844,
    "p50_ttpt_s": 0.7145515948907359,
    "p95_ttpt_s": 4.18233760514056,
    "mean_e2e_s": 36.2501325259675,
    "p50_e2e_s": 22.86565103650355,
    "p95_e2e_s": 133.83480336449793,
    "route_hit_rate": 0.0,
    "routed_to_prefix_owner_rate": 0.0,
    "prefix_hit_rate": 0.0,
    "transfer_count": 0,
    "transfer_copy_count": 0,
    "rebalance_success": 0,
    "rebalance_fail": 994,
    "rebalance_fail_reasons": {
      "no_plan": 994
    },
    "background_copy_success": 0,
    "background_copy_fail": 0,
    "background_copy_fail_reasons": {},
    "gpu_util_mean": 26.60347551342812,
    "gpu_util_p95": 94.0,
    "gpu_mem_util_mean": 5.487288745721433,
    "gpu_mem_util_p95": 16.914876302083336
  },
  "multi-gpu-lmpool": {
    "name": "multi-gpu-lmpool",
    "total_requests": 64,
    "total_tokens": 2048,
    "elapsed_s": 194.45038469599967,
    "throughput_tok_s": 10.532249669764385,
    "goodput_tok_s": 10.532249669764385,
    "mean_ttft_s": 17.483987525265775,
    "p50_ttft_s": 17.413502904993948,
    "p95_ttft_s": 22.353590727754636,
    "mean_ttpt_s": 0.7171205877968987,
    "p50_ttpt_s": 0.7183747591404881,
    "p95_ttpt_s": 0.8726887376407149,
    "mean_e2e_s": 22.947858809500758,
    "p50_e2e_s": 22.98799229249562,
    "p95_e2e_s": 27.926039604502876,
    "route_hit_rate": 0.875,
    "routed_to_prefix_owner_rate": 0.875,
    "prefix_hit_rate": 0.046875,
    "transfer_count": 6,
    "transfer_copy_count": 6,
    "rebalance_success": 0,
    "rebalance_fail": 997,
    "rebalance_fail_reasons": {
      "no_plan": 976,
      "no_target_space": 21
    },
    "background_copy_success": 3,
    "background_copy_fail": 0,
    "background_copy_fail_reasons": {},
    "gpu_util_mean": 25.679906542056074,
    "gpu_util_p95": 94.0,
    "gpu_mem_util_mean": 5.518845729491174,
    "gpu_mem_util_p95": 17.183430989583336
  }
}