{
  "single-gpu": {
    "name": "single-gpu",
    "total_requests": 128,
    "total_tokens": 8023,
    "elapsed_s": 174.90103077200183,
    "throughput_tok_s": 45.87165647101676,
    "goodput_tok_s": 0.0,
    "mean_ttft_s": 12.75965233566393,
    "p50_ttft_s": 10.296791318000032,
    "p90_ttft_s": 19.921821110194287,
    "p95_ttft_s": 31.09022805409804,
    "mean_ttpt_s": 0.34874771785992276,
    "p50_ttpt_s": 0.29179812030469066,
    "p90_ttpt_s": 0.4830777047061815,
    "p95_ttpt_s": 0.6160284953093992,
    "mean_e2e_s": 20.86536673696088,
    "p50_e2e_s": 18.39901542249936,
    "p90_e2e_s": 30.898068253193927,
    "p95_e2e_s": 39.416475934802655,
    "route_hit_rate": 0.0,
    "routed_to_prefix_owner_rate": 0.0,
    "prefix_hit_rate": 0.9921875,
    "transfer_count": 0,
    "transfer_copy_count": 0,
    "rebalance_success": 0,
    "rebalance_fail": 0,
    "rebalance_fail_reasons": {},
    "background_copy_success": 0,
    "background_copy_fail": 0,
    "background_copy_fail_reasons": {},
    "gpu_util_mean": 42.21400778210117,
    "gpu_util_p95": 60.0,
    "gpu_mem_util_mean": 15.766259575632294,
    "gpu_mem_util_p95": 16.483561197916664,
    "rank_stats": {
      "0": {
        "submitted": 128,
        "finished": 128,
        "output_tokens": 8023,
        "first_tokens": 128,
        "prefill_requests": 1214,
        "prefill_prefix_hits": 1206,
        "prefill_tokens": 2318783,
        "decode_tokens": 6809,
        "prefill_time_s": 67.5648990610207,
        "decode_time_s": 64.87270529690431,
        "transfers": 0,
        "copies": 0,
        "rebalance_success": 0,
        "rebalance_fail": 0,
        "background_copy_success": 0,
        "background_copy_fail": 0,
        "local_prefix_hit_rate": 0.9934102141680395,
        "gpu_util_mean": 42.21400778210117,
        "gpu_util_p95": 60.0,
        "gpu_mem_util_mean": 15.766259575632294,
        "gpu_mem_util_p95": 16.483561197916664,
        "physical_gpu_id": 0
      }
    }
  },
  "multi-gpu": {
    "name": "multi-gpu",
    "total_requests": 128,
    "total_tokens": 8115,
    "elapsed_s": 58.48673154900462,
    "throughput_tok_s": 138.74941863011506,
    "goodput_tok_s": 121.73701301865918,
    "mean_ttft_s": 2.72420513246891,
    "p50_ttft_s": 0.10316001899991534,
    "p90_ttft_s": 18.001016670196258,
    "p95_ttft_s": 20.272148371804725,
    "mean_ttpt_s": 0.11278854992063714,
    "p50_ttpt_s": 0.06500055908594504,
    "p90_ttpt_s": 0.3465256290139905,
    "p95_ttpt_s": 0.4192202320733543,
    "mean_e2e_s": 7.031657656546486,
    "p50_e2e_s": 4.160035781500483,
    "p90_e2e_s": 22.17764025689539,
    "p95_e2e_s": 26.818100391546977,
    "route_hit_rate": 0.0,
    "routed_to_prefix_owner_rate": 0.0,
    "prefix_hit_rate": 0.9609375,
    "transfer_count": 0,
    "transfer_copy_count": 0,
    "rebalance_success": 0,
    "rebalance_fail": 0,
    "rebalance_fail_reasons": {},
    "background_copy_success": 0,
    "background_copy_fail": 0,
    "background_copy_fail_reasons": {},
    "gpu_util_mean": 52.90056818181818,
    "gpu_util_p95": 88.0,
    "gpu_mem_util_mean": 14.380738229462594,
    "gpu_mem_util_p95": 16.841634114583336,
    "rank_stats": {
      "0": {
        "submitted": 32,
        "finished": 32,
        "output_tokens": 2048,
        "first_tokens": 32,
        "prefill_requests": 32,
        "prefill_prefix_hits": 30,
        "prefill_tokens": 60544,
        "decode_tokens": 2016,
        "prefill_time_s": 2.323156543970981,
        "decode_time_s": 32.42865840400191,
        "transfers": 0,
        "copies": 0,
        "rebalance_success": 0,
        "rebalance_fail": 0,
        "background_copy_success": 0,
        "background_copy_fail": 0,
        "local_prefix_hit_rate": 0.9375,
        "gpu_util_mean": 67.5,
        "gpu_util_p95": 100.0,
        "gpu_mem_util_mean": 14.25429835464015,
        "gpu_mem_util_p95": 16.776529947916664,
        "physical_gpu_id": 0
      },
      "1": {
        "submitted": 32,
        "finished": 32,
        "output_tokens": 2019,
        "first_tokens": 32,
        "prefill_requests": 32,
        "prefill_prefix_hits": 31,
        "prefill_tokens": 60616,
        "decode_tokens": 1987,
        "prefill_time_s": 5.391465061024064,
        "decode_time_s": 30.436527040008514,
        "transfers": 0,
        "copies": 0,
        "rebalance_success": 0,
        "rebalance_fail": 0,
        "background_copy_success": 0,
        "background_copy_fail": 0,
        "local_prefix_hit_rate": 0.96875,
        "gpu_util_mean": 47.63636363636363,
        "gpu_util_p95": 88.0,
        "gpu_mem_util_mean": 14.368831750118373,
        "gpu_mem_util_p95": 16.841634114583336,
        "physical_gpu_id": 1
      },
      "2": {
        "submitted": 32,
        "finished": 32,
        "output_tokens": 2048,
        "first_tokens": 32,
        "prefill_requests": 32,
        "prefill_prefix_hits": 31,
        "prefill_tokens": 60640,
        "decode_tokens": 2016,
        "prefill_time_s": 5.24735820099886,
        "decode_time_s": 30.567060515975754,
        "transfers": 0,
        "copies": 0,
        "rebalance_success": 0,
        "rebalance_fail": 0,
        "background_copy_success": 0,
        "background_copy_fail": 0,
        "local_prefix_hit_rate": 0.96875,
        "gpu_util_mean": 47.42045454545455,
        "gpu_util_p95": 88.0,
        "gpu_mem_util_mean": 14.615561745383523,
        "gpu_mem_util_p95": 16.76025390625,
        "physical_gpu_id": 4
      },
      "3": {
        "submitted": 32,
        "finished": 32,
        "output_tokens": 2000,
        "first_tokens": 32,
        "prefill_requests": 32,
        "prefill_prefix_hits": 31,
        "prefill_tokens": 60584,
        "decode_tokens": 1968,
        "prefill_time_s": 5.281111280986806,
        "decode_time_s": 30.591656951030018,
        "transfers": 0,
        "copies": 0,
        "rebalance_success": 0,
        "rebalance_fail": 0,
        "background_copy_success": 0,
        "background_copy_fail": 0,
        "local_prefix_hit_rate": 0.96875,
        "gpu_util_mean": 49.04545454545455,
        "gpu_util_p95": 88.0,
        "gpu_mem_util_mean": 14.284261067708334,
        "gpu_mem_util_p95": 16.76025390625,
        "physical_gpu_id": 5
      }
    }
  },
  "multi-gpu-kv-routing": {
    "name": "multi-gpu-kv-routing",
    "total_requests": 128,
    "total_tokens": 8095,
    "elapsed_s": 140.1293922909972,
    "throughput_tok_s": 57.76803758050747,
    "goodput_tok_s": 3.1970451928434027,
    "mean_ttft_s": 9.43713158732072,
    "p50_ttft_s": 8.777415703498264,
    "p90_ttft_s": 13.187399729698518,
    "p95_ttft_s": 14.65714001564592,
    "mean_ttpt_s": 0.2633694973102568,
    "p50_ttpt_s": 0.25102665385156797,
    "p90_ttpt_s": 0.3298927780187341,
    "p95_ttpt_s": 0.368177406596895,
    "mean_e2e_s": 16.488498623758517,
    "p50_e2e_s": 16.013909474004322,
    "p90_e2e_s": 20.930712027503613,
    "p95_e2e_s": 22.404166751544828,
    "route_hit_rate": 0.875,
    "routed_to_prefix_owner_rate": 0.875,
    "prefix_hit_rate": 0.9609375,
    "transfer_count": 0,
    "transfer_copy_count": 0,
    "rebalance_success": 0,
    "rebalance_fail": 0,
    "rebalance_fail_reasons": {},
    "background_copy_success": 0,
    "background_copy_fail": 0,
    "background_copy_fail_reasons": {},
    "gpu_util_mean": 14.727488151658768,
    "gpu_util_p95": 60.84999999999991,
    "gpu_mem_util_mean": 15.900067996828101,
    "gpu_mem_util_p95": 16.963704427083336,
    "rank_stats": {
      "0": {
        "submitted": 4,
        "finished": 4,
        "output_tokens": 256,
        "first_tokens": 4,
        "prefill_requests": 4,
        "prefill_prefix_hits": 3,
        "prefill_tokens": 7568,
        "decode_tokens": 252,
        "prefill_time_s": 0.9276172049940214,
        "decode_time_s": 3.501760841012583,
        "transfers": 0,
        "copies": 0,
        "rebalance_success": 0,
        "rebalance_fail": 0,
        "background_copy_success": 0,
        "background_copy_fail": 0,