{
  "single-gpu": {
    "name": "single-gpu",
    "total_requests": 128,
    "total_tokens": 8192,
    "elapsed_s": 159.27347044897033,
    "throughput_tok_s": 51.433549962262155,
    "goodput_tok_s": 0.0,
    "mean_ttft_s": 11.216533458310096,
    "p50_ttft_s": 8.269962010497693,
    "p90_ttft_s": 16.148898768797515,
    "p95_ttft_s": 18.986498748935993,
    "mean_ttpt_s": 0.2963415291556686,
    "p50_ttpt_s": 0.25108245650017125,
    "p90_ttpt_s": 0.3739608344091721,
    "p95_ttpt_s": 0.42561979542729206,
    "mean_e2e_s": 18.96585786596279,
    "p50_e2e_s": 16.06927721601096,
    "p90_e2e_s": 23.933493402187015,
    "p95_e2e_s": 27.23966690734669,
    "route_hit_rate": 0.0,
    "routed_to_prefix_owner_rate": 0.0,
    "prefix_hit_rate": 0.9921875,
    "transfer_count": 0,
    "transfer_copy_count": 0,
    "rebalance_success": 0,
    "rebalance_fail": 0,
    "rebalance_fail_reasons": {},
    "background_copy_success": 0,
    "background_copy_fail": 0,
    "background_copy_fail_reasons": {},
    "gpu_util_mean": 7.949438202247191,
    "gpu_util_p95": 57.0,
    "gpu_mem_util_mean": 2.665826652231585,
    "gpu_mem_util_p95": 16.483561197916664
  },
  "multi-gpu": {
    "name": "multi-gpu",
    "total_requests": 128,
    "total_tokens": 8110,
    "elapsed_s": 54.906234099005815,
    "throughput_tok_s": 147.7063603629455,
    "goodput_tok_s": 129.05638341946138,
    "mean_ttft_s": 2.6396732296962,
    "p50_ttft_s": 0.1034570689953398,
    "p90_ttft_s": 20.123532513482495,
    "p95_ttft_s": 20.331982766991132,
    "mean_ttpt_s": 0.10550141068575733,
    "p50_ttpt_s": 0.06537422198425702,
    "p90_ttpt_s": 0.37979664814865827,
    "p95_ttpt_s": 0.38533299658779474,
    "mean_e2e_s": 6.706014798585784,
    "p50_e2e_s": 4.179219490994001,
    "p90_e2e_s": 24.30698548151413,
    "p95_e2e_s": 24.661311781618863,
    "route_hit_rate": 0.0,
    "routed_to_prefix_owner_rate": 0.0,
    "prefix_hit_rate": 0.9453125,
    "transfer_count": 0,
    "transfer_copy_count": 0,
    "rebalance_success": 0,
    "rebalance_fail": 0,
    "rebalance_fail_reasons": {},
    "background_copy_success": 0,
    "background_copy_fail": 0,
    "background_copy_fail_reasons": {},
    "gpu_util_mean": 37.25297619047619,
    "gpu_util_p95": 88.0,
    "gpu_mem_util_mean": 9.17784675719246,
    "gpu_mem_util_p95": 16.971842447916664
  },
  "multi-gpu-kv-routing": {
    "name": "multi-gpu-kv-routing",
    "total_requests": 128,
    "total_tokens": 8148,
    "elapsed_s": 81.48270374396816,
    "throughput_tok_s": 99.99668181854071,
    "goodput_tok_s": 68.57897128154215,
    "mean_ttft_s": 2.8690751813487623,
    "p50_ttft_s": 0.29762425998342223,
    "p90_ttft_s": 12.452956509520298,
    "p95_ttft_s": 12.485754163446835,
    "mean_ttpt_s": 0.14049022605880698,
    "p50_ttpt_s": 0.12240591783574928,
    "p90_ttpt_s": 0.26031322520357203,
    "p95_ttpt_s": 0.26150116533667644,
    "mean_e2e_s": 8.952661656085638,
    "p50_e2e_s": 7.803909309499431,
    "p90_e2e_s": 16.66004641302861,
    "p95_e2e_s": 16.736074581547292,
    "route_hit_rate": 0.875,
    "routed_to_prefix_owner_rate": 0.875,
    "prefix_hit_rate": 0.953125,
    "transfer_count": 0,
    "transfer_copy_count": 0,
    "rebalance_success": 0,
    "rebalance_fail": 0,
    "rebalance_fail_reasons": {},
    "background_copy_success": 0,
    "background_copy_fail": 0,
    "background_copy_fail_reasons": {},
    "gpu_util_mean": 18.32549019607843,
    "gpu_util_p95": 82.0,
    "gpu_mem_util_mean": 10.147665185866012,
    "gpu_mem_util_p95": 17.045084635416664
  },
  "multi-gpu-kv-transfer": {
    "name": "multi-gpu-kv-transfer",
    "total_requests": 128,
    "total_tokens": 8095,
    "elapsed_s": 53.878890335035976,
    "throughput_tok_s": 150.24437121222672,
    "goodput_tok_s": 131.23878305641202,
    "mean_ttft_s": 2.5087047565725697,
    "p50_ttft_s": 0.17232429201249033,
    "p90_ttft_s": 18.837777030211875,
    "p95_ttft_s": 18.876861879570058,
    "mean_ttpt_s": 0.10315536691634815,
    "p50_ttpt_s": 0.06612005537499499,
    "p90_ttpt_s": 0.36063448760769456,
    "p95_ttpt_s": 0.3612045285134172,
    "mean_e2e_s": 6.548125125272236,
    "p50_e2e_s": 4.225514490506612,
    "p90_e2e_s": 23.080607206892452,
    "p95_e2e_s": 23.117089824858702,
    "route_hit_rate": 0.0,
    "routed_to_prefix_owner_rate": 0.0,
    "prefix_hit_rate": 0.828125,
    "transfer_count": 0,
    "transfer_copy_count": 0,
    "rebalance_success": 0,
    "rebalance_fail": 0,
    "rebalance_fail_reasons": {},
    "background_copy_success": 0,
    "background_copy_fail": 0,
    "background_copy_fail_reasons": {},
    "gpu_util_mean": 36.99090909090909,
    "gpu_util_p95": 88.0,
    "gpu_mem_util_mean": 9.534529869002526,
    "gpu_mem_util_p95": 16.971842447916664
  },
  "multi-gpu-lmpool": {
    "name": "multi-gpu-lmpool",
    "total_requests": 128,
    "total_tokens": 8025,
    "elapsed_s": 61.32947795698419,
    "throughput_tok_s": 130.8506164951974,
    "goodput_tok_s": 108.93619548964656,
    "mean_ttft_s": 2.0839267056908284,
    "p50_ttft_s": 0.1086473029863555,
    "p90_ttft_s": 12.534581594279734,
    "p95_ttft_s": 12.732660257117823,
    "mean_ttpt_s": 0.10428874934537335,
    "p50_ttpt_s": 0.06599755120350892,
    "p90_ttpt_s": 0.2639335376074996,
    "p95_ttpt_s": 0.265350372793273,
    "mean_e2e_s": 6.560767724436118,
    "p50_e2e_s": 4.220127290987875,
    "p90_e2e_s": 16.891746406879975,
    "p95_e2e_s": 16.982423858769472,
    "route_hit_rate": 0.875,
    "routed_to_prefix_owner_rate": 0.875,
    "prefix_hit_rate": 0.9609375,
    "transfer_count": 14,
    "transfer_copy_count": 14,
    "rebalance_success": 0,
    "rebalance_fail": 54,
    "rebalance_fail_reasons": {
      "no_plan": 54
    },
    "background_copy_success": 8,
    "background_copy_fail": 0,
    "background_copy_fail_reasons": {},
    "gpu_util_mean": 31.12169312169312,
    "gpu_util_p95": 87.0,
    "gpu_mem_util_mean": 9.910796096505731,
    "gpu_mem_util_p95": 17.460123697916664
  }
}