{
  "single-gpu": {
    "name": "single-gpu",
    "total_requests": 64,
    "total_tokens": 2048,
    "elapsed_s": 392.60610902000917,
    "throughput_tok_s": 5.2164241792162835,
    "goodput_tok_s": 0.0,
    "mean_ttft_s": 41.31650133906123,
    "p50_ttft_s": 39.94036124699778,
    "p95_ttft_s": 58.20012869600032,
    "mean_ttpt_s": 1.4618938906200967,
    "p50_ttpt_s": 1.420182607156221,
    "p95_ttpt_s": 1.9879460511328944,
    "mean_e2e_s": 46.78060449984309,
    "p50_e2e_s": 45.44584342899907,
    "p95_e2e_s": 63.61427363625262,
    "route_hit_rate": 0.0,
    "routed_to_prefix_owner_rate": 0.0,
    "prefix_hit_rate": 0.984375,
    "transfer_count": 0,
    "transfer_copy_count": 0,
    "rebalance_success": 0,
    "rebalance_fail": 0,
    "rebalance_fail_reasons": {},
    "gpu_util_mean": 11.440904419321685,
    "gpu_util_p95": 91.0,
    "gpu_mem_util_mean": 2.331969524826567,
    "gpu_mem_util_p95": 16.434733072916664
  },
  "multi-gpu": {
    "name": "multi-gpu",
    "total_requests": 64,
    "total_tokens": 2048,
    "elapsed_s": 224.35738758000662,
    "throughput_tok_s": 9.12829313128669,
    "goodput_tok_s": 0.0,
    "mean_ttft_s": 21.687427342125147,
    "p50_ttft_s": 17.249522543002968,
    "p95_ttft_s": 56.157259368006635,
    "mean_ttpt_s": 0.8470394085883584,
    "p50_ttpt_s": 0.7110562627030959,
    "p95_ttpt_s": 1.9243161126252062,
    "mean_e2e_s": 27.105261074827467,
    "p50_e2e_s": 22.753800406499067,
    "p95_e2e_s": 61.5781156040066,
    "route_hit_rate": 0.0,
    "routed_to_prefix_owner_rate": 0.0,
    "prefix_hit_rate": 0.0,
    "transfer_count": 0,
    "transfer_copy_count": 0,
    "rebalance_success": 0,
    "rebalance_fail": 0,
    "rebalance_fail_reasons": {},
    "gpu_util_mean": 22.286727456940223,
    "gpu_util_p95": 94.0,
    "gpu_mem_util_mean": 4.726174150677559,
    "gpu_mem_util_p95": 16.914876302083336
  },
  "multi-gpu-kv-routing": {
    "name": "multi-gpu-kv-routing",
    "total_requests": 64,
    "total_tokens": 2048,
    "elapsed_s": 224.95043129299302,
    "throughput_tok_s": 9.104227932475155,
    "goodput_tok_s": 0.0,
    "mean_ttft_s": 19.24432496037457,
    "p50_ttft_s": 17.3242454680003,
    "p95_ttft_s": 36.70142704650061,
    "mean_ttpt_s": 0.7712520396908786,
    "p50_ttpt_s": 0.7148128002188514,
    "p95_ttpt_s": 1.318374601117057,
    "mean_e2e_s": 24.680065270108116,
    "p50_e2e_s": 22.874009607003245,
    "p95_e2e_s": 42.18798723574582,
    "route_hit_rate": 0.875,
    "routed_to_prefix_owner_rate": 0.875,
    "prefix_hit_rate": 0.0,
    "transfer_count": 14,
    "transfer_copy_count": 12,
    "rebalance_success": 4,
    "rebalance_fail": 993,
    "rebalance_fail_reasons": {
      "no_plan": 199,
      "no_target_space": 794
    },
    "gpu_util_mean": 22.178947368421053,
    "gpu_util_p95": 94.0,
    "gpu_mem_util_mean": 4.821385739739974,
    "gpu_mem_util_p95": 17.39501953125
  },
  "multi-gpu-kv-transfer": {
    "name": "multi-gpu-kv-transfer",
    "total_requests": 64,
    "total_tokens": 2048,
    "elapsed_s": 407.7079351889988,
    "throughput_tok_s": 5.023203679002766,
    "goodput_tok_s": 0.0,
    "mean_ttft_s": 38.36465105185994,
    "p50_ttft_s": 38.13073597250332,
    "p95_ttft_s": 68.78620210050212,
    "mean_ttpt_s": 1.5332357102934608,
    "p50_ttpt_s": 1.538596903124926,
    "p95_ttpt_s": 2.4553464281873403,
    "mean_e2e_s": 49.06354272939075,
    "p50_e2e_s": 49.23510089999763,
    "p95_e2e_s": 78.57108570199489,
    "route_hit_rate": 0.0,
    "routed_to_prefix_owner_rate": 0.0,
    "prefix_hit_rate": 0.0,
    "transfer_count": 648,
    "transfer_copy_count": 8,
    "rebalance_success": 81,
    "rebalance_fail": 2294,
    "rebalance_fail_reasons": {
      "no_target_space": 2294
    },
    "gpu_util_mean": 11.57773851590106,
    "gpu_util_p95": 85.0,
    "gpu_mem_util_mean": 4.719057938435975,
    "gpu_mem_util_p95": 16.866048177083336
  },
  "multi-gpu-lmpool": {
    "name": "multi-gpu-lmpool",
    "total_requests": 64,
    "total_tokens": 2048,
    "elapsed_s": 347.4516235570045,
    "throughput_tok_s": 5.894345748146995,
    "goodput_tok_s": 0.0,
    "mean_ttft_s": 35.44142544765623,
    "p50_ttft_s": 40.573479145496094,
    "p95_ttft_s": 40.70194389724202,
    "mean_ttpt_s": 1.2787451266664789,
    "p50_ttpt_s": 1.4425143497032877,
    "p95_ttpt_s": 1.4468887501794825,
    "mean_e2e_s": 40.919844053327324,
    "p50_e2e_s": 46.16045919050521,
    "p95_e2e_s": 46.30044000574344,
    "route_hit_rate": 0.875,
    "routed_to_prefix_owner_rate": 0.875,
    "prefix_hit_rate": 0.0,
    "transfer_count": 10,
    "transfer_copy_count": 10,
    "rebalance_success": 3,
    "rebalance_fail": 994,
    "rebalance_fail_reasons": {
      "no_plan": 908,
      "no_target_space": 86
    },
    "gpu_util_mean": 12.242913832199546,
    "gpu_util_p95": 92.0,
    "gpu_mem_util_mean": 4.855261331963341,
    "gpu_mem_util_p95": 17.32177734375
  }
}