{
  "single-gpu": {
    "name": "single-gpu",
    "total_requests": 64,
    "total_tokens": 2048,
    "elapsed_s": 388.4557213060034,
    "throughput_tok_s": 5.272158157729132,
    "goodput_tok_s": 5.025025744085579,
    "mean_ttft_s": 40.96340810314018,
    "p50_ttft_s": 39.851215088499885,
    "p95_ttft_s": 56.37214609649891,
    "mean_ttpt_s": 1.4496910541547763,
    "p50_ttpt_s": 1.4167131482499826,
    "p95_ttpt_s": 1.9302701601950503,
    "mean_e2e_s": 46.39011373295284,
    "p50_e2e_s": 45.334820743999444,
    "p95_e2e_s": 61.76864512624161,
    "route_hit_rate": 0.0,
    "routed_to_prefix_owner_rate": 0.0,
    "prefix_hit_rate": 0.984375,
    "transfer_count": 0,
    "transfer_copy_count": 0,
    "rebalance_success": 0,
    "rebalance_fail": 0,
    "rebalance_fail_reasons": {},
    "gpu_util_mean": 11.545022445207287,
    "gpu_util_p95": 89.0,
    "gpu_mem_util_mean": 2.3345418090121903,
    "gpu_mem_util_p95": 16.434733072916664
  },
  "multi-gpu": {
    "name": "multi-gpu",
    "total_requests": 64,
    "total_tokens": 2048,
    "elapsed_s": 219.96091648600122,
    "throughput_tok_s": 9.310744984690674,
    "goodput_tok_s": 9.01978420391909,
    "mean_ttft_s": 21.252676836296132,
    "p50_ttft_s": 17.345794807995844,
    "p95_ttft_s": 52.34247323700038,
    "mean_ttpt_s": 0.8330665932197121,
    "p50_ttpt_s": 0.7113851696092297,
    "p95_ttpt_s": 1.8058817833203875,
    "mean_e2e_s": 26.658130983030787,
    "p50_e2e_s": 22.76432542749535,
    "p95_e2e_s": 57.7882170662524,
    "route_hit_rate": 0.0,
    "routed_to_prefix_owner_rate": 0.0,
    "prefix_hit_rate": 0.0,
    "transfer_count": 0,
    "transfer_copy_count": 0,
    "rebalance_success": 0,
    "rebalance_fail": 0,
    "rebalance_fail_reasons": {},
    "gpu_util_mean": 22.729989868287742,
    "gpu_util_p95": 94.0,
    "gpu_mem_util_mean": 4.736818714908393,
    "gpu_mem_util_p95": 16.914876302083336
  },
  "multi-gpu-kv-routing": {
    "name": "multi-gpu-kv-routing",
    "total_requests": 64,
    "total_tokens": 2048,
    "elapsed_s": 228.5384462249931,
    "throughput_tok_s": 8.961293094570928,
    "goodput_tok_s": 8.961293094570928,
    "mean_ttft_s": 19.116629038484916,
    "p50_ttft_s": 17.375406067490985,
    "p95_ttft_s": 34.50790422199134,
    "mean_ttpt_s": 0.7684325056909174,
    "p50_ttpt_s": 0.7167996929217679,
    "p95_ttpt_s": 1.250140468804375,
    "mean_e2e_s": 24.589840182109356,
    "p50_e2e_s": 22.937590173496574,
    "p95_e2e_s": 40.00449500174,
    "route_hit_rate": 0.875,
    "routed_to_prefix_owner_rate": 0.875,
    "prefix_hit_rate": 0.0,
    "transfer_count": 0,
    "transfer_copy_count": 0,
    "rebalance_success": 0,
    "rebalance_fail": 994,
    "rebalance_fail_reasons": {
      "no_plan": 976,
      "no_target_space": 18
    },
    "gpu_util_mean": 21.71577899452464,
    "gpu_util_p95": 93.0,
    "gpu_mem_util_mean": 4.7263287698844785,
    "gpu_mem_util_p95": 16.914876302083336
  },
  "multi-gpu-kv-transfer": {
    "name": "multi-gpu-kv-transfer",
    "total_requests": 64,
    "total_tokens": 2048,
    "elapsed_s": 224.16415982699255,
    "throughput_tok_s": 9.136161648591033,
    "goodput_tok_s": 8.565151545554093,
    "mean_ttft_s": 21.704345584171733,
    "p50_ttft_s": 17.308363862008264,
    "p95_ttft_s": 55.54405560075247,
    "mean_ttpt_s": 0.8478451331464711,
    "p50_ttpt_s": 0.7133266019843632,
    "p95_ttpt_s": 1.9068851600000016,
    "mean_e2e_s": 27.131044260687077,
    "p50_e2e_s": 22.82645126349962,
    "p95_e2e_s": 61.02032512000005,
    "route_hit_rate": 0.0,
    "routed_to_prefix_owner_rate": 0.0,
    "prefix_hit_rate": 0.0,
    "transfer_count": 0,
    "transfer_copy_count": 0,
    "rebalance_success": 0,
    "rebalance_fail": 994,
    "rebalance_fail_reasons": {
      "no_plan": 75,
      "no_target_space": 919
    },
    "gpu_util_mean": 22.502224419179438,
    "gpu_util_p95": 94.0,
    "gpu_mem_util_mean": 4.351731214084899,
    "gpu_mem_util_p95": 15.547688802083334
  },
  "multi-gpu-lmpool": {
    "name": "multi-gpu-lmpool",
    "total_requests": 64,
    "total_tokens": 2048,
    "elapsed_s": 190.18939752900042,
    "throughput_tok_s": 10.768213300048533,
    "goodput_tok_s": 10.768213300048533,
    "mean_ttft_s": 17.15030882517135,
    "p50_ttft_s": 17.363576924501103,
    "p95_ttft_s": 18.149972614250146,
    "mean_ttpt_s": 0.7063596539321466,
    "p50_ttpt_s": 0.7163207602970942,
    "p95_ttpt_s": 0.7395176407030704,
    "mean_e2e_s": 22.60350892582869,
    "p50_e2e_s": 22.922264329507016,
    "p95_e2e_s": 23.66456450249825,
    "route_hit_rate": 0.875,
    "routed_to_prefix_owner_rate": 0.875,
    "prefix_hit_rate": 0.0,
    "transfer_count": 0,
    "transfer_copy_count": 0,
    "rebalance_success": 0,
    "rebalance_fail": 994,
    "rebalance_fail_reasons": {
      "no_plan": 967,
      "no_target_space": 27
    },
    "gpu_util_mean": 22.157041540020263,
    "gpu_util_p95": 93.0,
    "gpu_mem_util_mean": 4.68395662162804,
    "gpu_mem_util_p95": 16.914876302083336
  }
}