{
  "single-gpu": {
    "name": "single-gpu",
    "total_requests": 64,
    "total_tokens": 2048,
    "elapsed_s": 49.3500092960021,
    "throughput_tok_s": 41.4994855971772,
    "goodput_tok_s": 41.4994855971772,
    "mean_ttft_s": 2.0542226642942296,
    "p50_ttft_s": 0.24719681349233724,
    "p95_ttft_s": 10.51663961174927,
    "mean_ttpt_s": 0.18272928192379823,
    "p50_ttpt_s": 0.12498019467193444,
    "p95_ttpt_s": 0.45633737160187593,
    "mean_e2e_s": 5.847337021561543,
    "p50_e2e_s": 3.999366229501902,
    "p95_e2e_s": 14.60279589126003,
    "route_hit_rate": 0.0,
    "routed_to_prefix_owner_rate": 0.0,
    "prefix_hit_rate": 0.984375,
    "transfer_count": 0,
    "transfer_copy_count": 0,
    "rebalance_success": 0,
    "rebalance_fail": 0,
    "rebalance_fail_reasons": {},
    "background_copy_success": 0,
    "background_copy_fail": 0,
    "background_copy_fail_reasons": {},
    "gpu_util_mean": 6.903030303030303,
    "gpu_util_p95": 55.0,
    "gpu_mem_util_mean": 2.439593690814394,
    "gpu_mem_util_p95": 16.280110677083336
  },
  "multi-gpu": {
    "name": "multi-gpu",
    "total_requests": 64,
    "total_tokens": 2010,
    "elapsed_s": 44.97406326199416,
    "throughput_tok_s": 44.69242612771822,
    "goodput_tok_s": 44.69242612771822,
    "mean_ttft_s": 3.2801532012185817,
    "p50_ttft_s": 0.11042278399690986,
    "p95_ttft_s": 25.606096083480224,
    "mean_ttpt_s": 0.1745525347387719,
    "p50_ttpt_s": 0.06445376009378379,
    "p95_ttpt_s": 0.9459664385863107,
    "mean_e2e_s": 5.508882327124866,
    "p50_e2e_s": 2.0605712295073317,
    "p95_e2e_s": 30.270926034761942,
    "route_hit_rate": 0.0,
    "routed_to_prefix_owner_rate": 0.0,
    "prefix_hit_rate": 0.796875,
    "transfer_count": 0,
    "transfer_copy_count": 0,
    "rebalance_success": 0,
    "rebalance_fail": 0,
    "rebalance_fail_reasons": {},
    "background_copy_success": 0,
    "background_copy_fail": 0,
    "background_copy_fail_reasons": {},
    "gpu_util_mean": 27.68888888888889,
    "gpu_util_p95": 88.0,
    "gpu_mem_util_mean": 8.802414882330247,
    "gpu_mem_util_p95": 16.971842447916664
  },
  "multi-gpu-kv-routing": {
    "name": "multi-gpu-kv-routing",
    "total_requests": 64,
    "total_tokens": 2047,
    "elapsed_s": 35.85806481100735,
    "throughput_tok_s": 57.08618161043739,
    "goodput_tok_s": 57.08618161043739,
    "mean_ttft_s": 1.6310293797037048,
    "p50_ttft_s": 0.10955578049470205,
    "p95_ttft_s": 11.009107246754866,
    "mean_ttpt_s": 0.11548787925152366,
    "p50_ttpt_s": 0.06760283881294527,
    "p95_ttpt_s": 0.41522115099269286,
    "mean_e2e_s": 3.694554495423745,
    "p50_e2e_s": 2.1607152720098384,
    "p95_e2e_s": 13.287076831766171,
    "route_hit_rate": 0.875,
    "routed_to_prefix_owner_rate": 0.875,
    "prefix_hit_rate": 0.90625,
    "transfer_count": 0,
    "transfer_copy_count": 0,
    "rebalance_success": 0,
    "rebalance_fail": 0,
    "rebalance_fail_reasons": {},
    "background_copy_success": 0,
    "background_copy_fail": 0,
    "background_copy_fail_reasons": {},
    "gpu_util_mean": 14.397058823529411,
    "gpu_util_p95": 80.0,
    "gpu_mem_util_mean": 8.274891173917483,
    "gpu_mem_util_p95": 16.971842447916664
  },
  "multi-gpu-kv-transfer": {
    "name": "multi-gpu-kv-transfer",
    "total_requests": 64,
    "total_tokens": 2048,
    "elapsed_s": 36.23168304702267,
    "throughput_tok_s": 56.52511359580062,
    "goodput_tok_s": 56.52511359580062,
    "mean_ttft_s": 2.5643776708611767,
    "p50_ttft_s": 0.17456344699894544,
    "p95_ttft_s": 19.210697722504847,
    "mean_ttpt_s": 0.14050343307084745,
    "p50_ttpt_s": 0.06610338178143138,
    "p95_ttpt_s": 0.6614050279379171,
    "mean_e2e_s": 4.496109858267118,
    "p50_e2e_s": 2.115308217005804,
    "p95_e2e_s": 21.164960894013348,
    "route_hit_rate": 0.0,
    "routed_to_prefix_owner_rate": 0.0,
    "prefix_hit_rate": 0.5,
    "transfer_count": 0,
    "transfer_copy_count": 0,
    "rebalance_success": 0,
    "rebalance_fail": 0,
    "rebalance_fail_reasons": {},
    "background_copy_success": 0,
    "background_copy_fail": 0,
    "background_copy_fail_reasons": {},
    "gpu_util_mean": 30.83823529411765,
    "gpu_util_p95": 88.0,
    "gpu_mem_util_mean": 8.501000497855392,
    "gpu_mem_util_p95": 16.963704427083336
  },
  "multi-gpu-lmpool": {
    "name": "multi-gpu-lmpool",
    "total_requests": 64,
    "total_tokens": 2048,
    "elapsed_s": 38.09240658499766,
    "throughput_tok_s": 53.763996124271806,
    "goodput_tok_s": 53.763996124271806,
    "mean_ttft_s": 1.8798972383619912,
    "p50_ttft_s": 0.10424744102056138,
    "p95_ttft_s": 13.563723990009748,
    "mean_ttpt_s": 0.12381436977642579,
    "p50_ttpt_s": 0.06793514739092643,
    "p95_ttpt_s": 0.4991185751255216,
    "mean_e2e_s": 3.9620598328456254,
    "p50_e2e_s": 2.173924716509646,
    "p95_e2e_s": 15.971794404016691,
    "route_hit_rate": 0.875,
    "routed_to_prefix_owner_rate": 0.875,
    "prefix_hit_rate": 0.9375,
    "transfer_count": 0,
    "transfer_copy_count": 0,
    "rebalance_success": 0,
    "rebalance_fail": 0,
    "rebalance_fail_reasons": {},
    "background_copy_success": 0,
    "background_copy_fail": 0,
    "background_copy_fail_reasons": {},
    "gpu_util_mean": 15.207207207207206,
    "gpu_util_p95": 85.94999999999999,
    "gpu_mem_util_mean": 8.127353427646396,
    "gpu_mem_util_p95": 16.971842447916664
  }
}