{
  "single-gpu": {
    "name": "single-gpu",
    "total_requests": 64,
    "total_tokens": 2048,
    "elapsed_s": 389.5974511550012,
    "throughput_tok_s": 5.256707901780405,
    "goodput_tok_s": 5.010299718884449,
    "mean_ttft_s": 41.06024072004789,
    "p50_ttft_s": 40.060295650000626,
    "p95_ttft_s": 55.40070417975585,
    "mean_ttpt_s": 1.4538181532383092,
    "p50_ttpt_s": 1.424111866484509,
    "p95_ttpt_s": 1.9015466812423938,
    "mean_e2e_s": 46.522180903625895,
    "p50_e2e_s": 45.571579727504286,
    "p95_e2e_s": 60.8494937997566,
    "route_hit_rate": 0.0,
    "routed_to_prefix_owner_rate": 0.0,
    "prefix_hit_rate": 0.984375,
    "transfer_count": 0,
    "transfer_copy_count": 0,
    "rebalance_success": 0,
    "rebalance_fail": 0,
    "rebalance_fail_reasons": {},
    "gpu_util_mean": 11.62309480754327,
    "gpu_util_p95": 91.0,
    "gpu_mem_util_mean": 2.334943446326315,
    "gpu_mem_util_p95": 16.434733072916664
  },
  "multi-gpu": {
    "name": "multi-gpu",
    "total_requests": 64,
    "total_tokens": 2048,
    "elapsed_s": 207.7439683110133,
    "throughput_tok_s": 9.858288626382361,
    "goodput_tok_s": 9.858288626382361,
    "mean_ttft_s": 19.720895096984805,
    "p50_ttft_s": 17.319199439501972,
    "p95_ttft_s": 39.71454339350021,
    "mean_ttpt_s": 0.7858410992690565,
    "p50_ttpt_s": 0.7143576199998734,
    "p95_ttpt_s": 1.4117281250156566,
    "mean_e2e_s": 25.14691517660981,
    "p50_e2e_s": 22.859443839995947,
    "p95_e2e_s": 45.17530000050101,
    "route_hit_rate": 0.0,
    "routed_to_prefix_owner_rate": 0.0,
    "prefix_hit_rate": 0.0,
    "transfer_count": 0,
    "transfer_copy_count": 0,
    "rebalance_success": 0,
    "rebalance_fail": 0,
    "rebalance_fail_reasons": {},
    "gpu_util_mean": 22.482584553255933,
    "gpu_util_p95": 93.0,
    "gpu_mem_util_mean": 4.725536312415868,
    "gpu_mem_util_p95": 16.914876302083336
  },
  "multi-gpu-kv-routing": {
    "name": "multi-gpu-kv-routing",
    "total_requests": 64,
    "total_tokens": 2048,
    "elapsed_s": 303.2085723469936,
    "throughput_tok_s": 6.7544264469418005,
    "goodput_tok_s": 5.9101231410740755,
    "mean_ttft_s": 28.834881844906477,
    "p50_ttft_s": 17.30386628600536,
    "p95_ttft_s": 116.63818186174467,
    "mean_ttpt_s": 1.0641201588886489,
    "p50_ttpt_s": 0.7136770963904837,
    "p95_ttpt_s": 3.815752792499893,
    "mean_e2e_s": 34.05184508443676,
    "p50_e2e_s": 22.83766708449548,
    "p95_e2e_s": 122.10408935999658,
    "route_hit_rate": 0.875,
    "routed_to_prefix_owner_rate": 0.875,
    "prefix_hit_rate": 0.0,
    "transfer_count": 2,
    "transfer_copy_count": 2,
    "rebalance_success": 0,
    "rebalance_fail": 936,
    "rebalance_fail_reasons": {
      "no_plan": 915,
      "no_target_space": 21
    },
    "gpu_util_mean": 25.88610662358643,
    "gpu_util_p95": 94.0,
    "gpu_mem_util_mean": 5.5069684597132476,
    "gpu_mem_util_p95": 17.134602864583336
  },
  "multi-gpu-kv-transfer": {
    "name": "multi-gpu-kv-transfer",
    "total_requests": 64,
    "total_tokens": 2048,
    "elapsed_s": 268.3730566890008,
    "throughput_tok_s": 7.631168438690502,
    "goodput_tok_s": 6.67727238385419,
    "mean_ttft_s": 27.26384522102967,
    "p50_ttft_s": 17.26856530999794,
    "p95_ttft_s": 100.26367528025003,
    "mean_ttpt_s": 1.021214203158138,
    "p50_ttpt_s": 0.7120303288436389,
    "p95_ttpt_s": 3.3035404968047715,
    "mean_e2e_s": 32.678854501060414,
    "p50_e2e_s": 22.784970522996446,
    "p95_e2e_s": 105.71329589775269,
    "route_hit_rate": 0.0,
    "routed_to_prefix_owner_rate": 0.0,
    "prefix_hit_rate": 0.0,
    "transfer_count": 0,
    "transfer_copy_count": 0,
    "rebalance_success": 0,
    "rebalance_fail": 994,
    "rebalance_fail_reasons": {
      "no_plan": 47,
      "no_target_space": 947
    },
    "gpu_util_mean": 26.07389937106918,
    "gpu_util_p95": 94.0,
    "gpu_mem_util_mean": 5.052009118677935,
    "gpu_mem_util_p95": 15.547688802083334
  },
  "multi-gpu-lmpool": {
    "name": "multi-gpu-lmpool",
    "total_requests": 64,
    "total_tokens": 2048,
    "elapsed_s": 189.68293899399578,
    "throughput_tok_s": 10.796964718396879,
    "goodput_tok_s": 10.796964718396879,
    "mean_ttft_s": 17.086054473921877,
    "p50_ttft_s": 17.308607884508092,
    "p95_ttft_s": 29.07286123875383,
    "mean_ttpt_s": 0.6972628148027269,
    "p50_ttpt_s": 0.7137628807968213,
    "p95_ttpt_s": 1.082244585320268,
    "mean_e2e_s": 22.31241007368726,
    "p50_e2e_s": 22.84041218549828,
    "p95_e2e_s": 34.63182673024858,
    "route_hit_rate": 0.875,
    "routed_to_prefix_owner_rate": 0.875,
    "prefix_hit_rate": 0.0,
    "transfer_count": 2,
    "transfer_copy_count": 2,
    "rebalance_success": 0,
    "rebalance_fail": 936,
    "rebalance_fail_reasons": {
      "no_plan": 921,
      "no_target_space": 15
    },
    "gpu_util_mean": 25.504807692307693,
    "gpu_util_p95": 94.0,
    "gpu_mem_util_mean": 5.492961916149173,
    "gpu_mem_util_p95": 17.134602864583336
  }
}