{
  "single-gpu": {
    "name": "single-gpu",
    "total_requests": 128,
    "total_tokens": 8114,
    "elapsed_s": 152.36005503299384,
    "throughput_tok_s": 53.25542838799119,
    "goodput_tok_s": 0.0,
    "mean_ttft_s": 10.578446447390945,
    "p50_ttft_s": 8.20303153450368,
    "p90_ttft_s": 15.935178040702885,
    "p95_ttft_s": 16.47088242080099,
    "mean_ttpt_s": 0.29135632963204805,
    "p50_ttpt_s": 0.2489225895390632,
    "p90_ttpt_s": 0.369939513429722,
    "p95_ttpt_s": 0.3770805298586879,
    "mean_e2e_s": 18.11178341457878,
    "p50_e2e_s": 15.879035445002955,
    "p90_e2e_s": 23.66585263719753,
    "p95_e2e_s": 24.127463991352855,
    "route_hit_rate": 0.0,
    "routed_to_prefix_owner_rate": 0.0,
    "prefix_hit_rate": 0.9921875,
    "transfer_count": 0,
    "transfer_copy_count": 0,
    "rebalance_success": 0,
    "rebalance_fail": 0,
    "rebalance_fail_reasons": {},
    "background_copy_success": 0,
    "background_copy_fail": 0,
    "background_copy_fail_reasons": {},
    "gpu_util_mean": 49.742222222222225,
    "gpu_util_p95": 63.0,
    "gpu_mem_util_mean": 15.952654803240739,
    "gpu_mem_util_p95": 16.483561197916664,
    "rank_stats": {
      "0": {
        "submitted": 128,
        "finished": 128,
        "output_tokens": 8114,
        "first_tokens": 128,
        "prefill_requests": 1245,
        "prefill_prefix_hits": 1233,
        "prefill_tokens": 2386296,
        "decode_tokens": 6869,
        "prefill_time_s": 56.61514184814587,
        "decode_time_s": 61.95576201912627,
        "transfers": 0,
        "copies": 0,
        "rebalance_success": 0,
        "rebalance_fail": 0,
        "background_copy_success": 0,
        "background_copy_fail": 0,
        "local_prefix_hit_rate": 0.9903614457831326,
        "gpu_util_mean": 49.742222222222225,
        "gpu_util_p95": 63.0,
        "gpu_mem_util_mean": 15.952654803240739,
        "gpu_mem_util_p95": 16.483561197916664,
        "physical_gpu_id": 0
      }
    }
  },
  "multi-gpu": {
    "name": "multi-gpu",
    "total_requests": 128,
    "total_tokens": 8128,
    "elapsed_s": 48.24869398499868,
    "throughput_tok_s": 168.46051838267644,
    "goodput_tok_s": 147.23714598800854,
    "mean_ttft_s": 1.8198910809457516,
    "p50_ttft_s": 0.11520512900096946,
    "p90_ttft_s": 13.36791014339833,
    "p95_ttft_s": 13.391803324401554,
    "mean_ttpt_s": 0.09169229647455178,
    "p50_ttpt_s": 0.0651605219375142,
    "p90_ttpt_s": 0.273439624951493,
    "p95_ttpt_s": 0.27450510511559967,
    "mean_e2e_s": 5.834688537906857,
    "p50_e2e_s": 4.165603697001643,
    "p90_e2e_s": 17.50013599689555,
    "p95_e2e_s": 17.56832672739838,
    "route_hit_rate": 0.0,
    "routed_to_prefix_owner_rate": 0.0,
    "prefix_hit_rate": 0.890625,
    "transfer_count": 0,
    "transfer_copy_count": 0,
    "rebalance_success": 0,
    "rebalance_fail": 0,
    "rebalance_fail_reasons": {},
    "background_copy_success": 0,
    "background_copy_fail": 0,
    "background_copy_fail_reasons": {},
    "gpu_util_mean": 59.09121621621622,
    "gpu_util_p95": 88.0,
    "gpu_mem_util_mean": 14.098529987507039,
    "gpu_mem_util_p95": 16.841634114583336,
    "rank_stats": {
      "0": {
        "submitted": 32,
        "finished": 32,
        "output_tokens": 2035,
        "first_tokens": 32,
        "prefill_requests": 32,
        "prefill_prefix_hits": 30,
        "prefill_tokens": 60544,
        "decode_tokens": 2003,
        "prefill_time_s": 2.316422000032617,
        "decode_time_s": 27.048136145087483,
        "transfers": 0,
        "copies": 0,
        "rebalance_success": 0,
        "rebalance_fail": 0,
        "background_copy_success": 0,
        "background_copy_fail": 0,
        "local_prefix_hit_rate": 0.9375,
        "gpu_util_mean": 58.810810810810814,
        "gpu_util_p95": 88.0,
        "gpu_mem_util_mean": 14.042209934543918,
        "gpu_mem_util_p95": 16.776529947916664,
        "physical_gpu_id": 0
      },
      "1": {
        "submitted": 32,
        "finished": 32,
        "output_tokens": 1997,
        "first_tokens": 32,
        "prefill_requests": 32,
        "prefill_prefix_hits": 28,
        "prefill_tokens": 60616,
        "decode_tokens": 1965,
        "prefill_time_s": 2.543404362979345,
        "decode_time_s": 26.575048170903756,
        "transfers": 0,
        "copies": 0,
        "rebalance_success": 0,
        "rebalance_fail": 0,
        "background_copy_success": 0,
        "background_copy_fail": 0,
        "local_prefix_hit_rate": 0.875,
        "gpu_util_mean": 57.445945945945944,
        "gpu_util_p95": 88.0,
        "gpu_mem_util_mean": 14.329075168918921,
        "gpu_mem_util_p95": 16.841634114583336,
        "physical_gpu_id": 1
      },
      "2": {
        "submitted": 32,
        "finished": 32,
        "output_tokens": 2048,
        "first_tokens": 32,
        "prefill_requests": 32,
        "prefill_prefix_hits": 28,
        "prefill_tokens": 60640,
        "decode_tokens": 2016,
        "prefill_time_s": 2.4927584850011044,
        "decode_time_s": 26.838536474955617,
        "transfers": 0,
        "copies": 0,
        "rebalance_success": 0,
        "rebalance_fail": 0,
        "background_copy_success": 0,
        "background_copy_fail": 0,
        "local_prefix_hit_rate": 0.875,
        "gpu_util_mean": 58.891891891891895,
        "gpu_util_p95": 88.0,
        "gpu_mem_util_mean": 14.01466163429054,
        "gpu_mem_util_p95": 16.76025390625,
        "physical_gpu_id": 4
      },
      "3": {
        "submitted": 32,
        "finished": 32,
        "output_tokens": 2048,
        "first_tokens": 32,
        "prefill_requests": 32,
        "prefill_prefix_hits": 28,
        "prefill_tokens": 60584,
        "decode_tokens": 2016,
        "prefill_time_s": 2.5262748620225466,
        "decode_time_s": 27.632416275984724,
        "transfers": 0,
        "copies": 0,
        "rebalance_success": 0,
        "rebalance_fail": 0,
        "background_copy_success": 0,
        "background_copy_fail": 0,
        "local_prefix_hit_rate": 0.875,
        "gpu_util_mean": 61.21621621621622,
        "gpu_util_p95": 88.0,
        "gpu_mem_util_mean": 14.008173212274775,
        "gpu_mem_util_p95": 16.76025390625,
        "physical_gpu_id": 5
      }
    }
  },
  "multi-gpu-kv-routing": {
    "name": "multi-gpu-kv-routing",
    "total_requests": 128,
    "total_tokens": 8079,
    "elapsed_s": 47.21941596800025,
    "throughput_tok_s": 171.09487346211552,
    "goodput_tok_s": 149.40887885570305,
    "mean_ttft_s": 1.145321009664201,
    "p50_ttft_s": 0.11042630299925804,
    "p90_ttft_s": 7.827441676503804,
    "p95_ttft_s": 7.895901552655051,
    "mean_ttpt_s": 0.08309768359481307,
    "p50_ttpt_s": 0.06706533910153212,
    "p90_ttpt_s": 0.18723656302655628,
    "p95_ttpt_s": 0.18933610232965065,
    "mean_e2e_s": 5.255145422304622,
    "p50_e2e_s": 4.289766833000613,
    "p90_e2e_s": 11.983140033699602,
    "p95_e2e_s": 12.117510549097641,
    "route_hit_rate": 0.875,
    "routed_to_prefix_owner_rate": 0.875,
    "prefix_hit_rate": 0.953125,
    "transfer_count": 0,
    "transfer_copy_count": 0,
    "rebalance_success": 0,
    "rebalance_fail": 0,
    "rebalance_fail_reasons": {},
    "background_copy_success": 0,
    "background_copy_fail": 0,
    "background_copy_fail_reasons": {},
    "gpu_util_mean": 46.683098591549296,
    "gpu_util_p95": 88.0,
    "gpu_mem_util_mean": 14.43756533340669,
    "gpu_mem_util_p95": 16.841634114583336,
    "rank_stats": {
      "0": {
        "submitted": 40,
        "finished": 40,
        "output_tokens": 2530,
        "first_tokens": 40,
        "prefill_requests": 45,
        "prefill_prefix_hits": 44,
        "prefill_tokens": 85198,
        "decode_tokens": 2485,
        "prefill_time_s": 3.189470466997591,
        "decode_time_s": 27.359722617031366,
        "transfers": 0,
        "copies": 0,
        "rebalance_success": 0,
        "rebalance_fail": 0,
        "background_copy_success": 0,
        "background_copy_fail": 0,