{
  "single-gpu": {
    "name": "single-gpu",
    "total_requests": 128,
    "total_tokens": 8192,
    "elapsed_s": 166.2709954009988,
    "throughput_tok_s": 49.26896588453809,
    "goodput_tok_s": 0.0,
    "mean_ttft_s": 11.599414657874377,
    "p50_ttft_s": 8.829360434501723,
    "p90_ttft_s": 17.181139848395834,
    "p95_ttft_s": 17.256865521098735,
    "mean_ttpt_s": 0.3095556122236305,
    "p50_ttpt_s": 0.2665586689140582,
    "p90_ttpt_s": 0.39852044906868966,
    "p95_ttpt_s": 0.3989247134202799,
    "mean_e2e_s": 19.81155918231235,
    "p50_e2e_s": 17.059754810499726,
    "p90_e2e_s": 25.50530874039614,
    "p95_e2e_s": 25.531181658897914,
    "route_hit_rate": 0.0,
    "routed_to_prefix_owner_rate": 0.0,
    "prefix_hit_rate": 0.9921875,
    "transfer_count": 0,
    "transfer_copy_count": 0,
    "rebalance_success": 0,
    "rebalance_fail": 0,
    "rebalance_fail_reasons": {},
    "background_copy_success": 0,
    "background_copy_fail": 0,
    "background_copy_fail_reasons": {},
    "gpu_util_mean": 47.089795918367344,
    "gpu_util_p95": 70.39999999999986,
    "gpu_mem_util_mean": 15.983604379251698,
    "gpu_mem_util_p95": 16.483561197916664,
    "rank_stats": {
      "0": {
        "submitted": 128,
        "finished": 128,
        "output_tokens": 8192,
        "first_tokens": 128,
        "prefill_requests": 1262,
        "prefill_prefix_hits": 1243,
        "prefill_tokens": 2426153,
        "decode_tokens": 6930,
        "prefill_time_s": 68.729916301083,
        "decode_time_s": 62.76253263193212,
        "transfers": 0,
        "copies": 0,
        "rebalance_success": 0,
        "rebalance_fail": 0,
        "background_copy_success": 0,
        "background_copy_fail": 0,
        "local_prefix_hit_rate": 0.9849445324881141,
        "gpu_util_mean": 47.089795918367344,
        "gpu_util_p95": 70.39999999999986,
        "gpu_mem_util_mean": 15.983604379251698,
        "gpu_mem_util_p95": 16.483561197916664,
        "physical_gpu_id": 0
      }
    }
  },
  "multi-gpu": {
    "name": "multi-gpu",
    "total_requests": 128,
    "total_tokens": 8136,
    "elapsed_s": 47.13648149299843,
    "throughput_tok_s": 172.6051614864064,
    "goodput_tok_s": 150.94465633920618,
    "mean_ttft_s": 1.6972801763052985,
    "p50_ttft_s": 0.11165720299686654,
    "p90_ttft_s": 12.661699226203927,
    "p95_ttft_s": 12.691574658550234,
    "mean_ttpt_s": 0.09033425535131816,
    "p50_ttpt_s": 0.06517522498438666,
    "p90_ttpt_s": 0.26247134742502565,
    "p95_ttpt_s": 0.2639396765883191,
    "mean_e2e_s": 5.746893922593813,
    "p50_e2e_s": 4.168317944997398,
    "p90_e2e_s": 16.788045055601103,
    "p95_e2e_s": 16.87540063915112,
    "route_hit_rate": 0.0,
    "routed_to_prefix_owner_rate": 0.0,
    "prefix_hit_rate": 0.9375,
    "transfer_count": 0,
    "transfer_copy_count": 0,
    "rebalance_success": 0,
    "rebalance_fail": 0,
    "rebalance_fail_reasons": {},
    "background_copy_success": 0,
    "background_copy_fail": 0,
    "background_copy_fail_reasons": {},
    "gpu_util_mean": 61.144366197183096,
    "gpu_util_p95": 88.0,
    "gpu_mem_util_mean": 14.430731115206866,
    "gpu_mem_util_p95": 16.841634114583336,
    "rank_stats": {
      "0": {
        "submitted": 32,
        "finished": 32,
        "output_tokens": 2048,
        "first_tokens": 32,
        "prefill_requests": 32,
        "prefill_prefix_hits": 31,
        "prefill_tokens": 60544,
        "decode_tokens": 2016,
        "prefill_time_s": 2.3920059029915137,
        "decode_time_s": 27.352736675966298,
        "transfers": 0,
        "copies": 0,
        "rebalance_success": 0,
        "rebalance_fail": 0,
        "background_copy_success": 0,
        "background_copy_fail": 0,
        "local_prefix_hit_rate": 0.96875,
        "gpu_util_mean": 62.7887323943662,
        "gpu_util_p95": 88.0,
        "gpu_mem_util_mean": 14.305035944835678,
        "gpu_mem_util_p95": 16.776529947916664,
        "physical_gpu_id": 0
      },
      "1": {
        "submitted": 32,
        "finished": 32,
        "output_tokens": 1992,
        "first_tokens": 32,
        "prefill_requests": 32,
        "prefill_prefix_hits": 30,
        "prefill_tokens": 60616,
        "decode_tokens": 1960,
        "prefill_time_s": 2.421488909982145,
        "decode_time_s": 26.835669280044385,
        "transfers": 0,
        "copies": 0,
        "rebalance_success": 0,
        "rebalance_fail": 0,
        "background_copy_success": 0,
        "background_copy_fail": 0,
        "local_prefix_hit_rate": 0.9375,
        "gpu_util_mean": 59.45070422535211,
        "gpu_util_p95": 88.0,
        "gpu_mem_util_mean": 14.560352020980048,
        "gpu_mem_util_p95": 16.841634114583336,
        "physical_gpu_id": 1
      },
      "2": {
        "submitted": 32,
        "finished": 32,
        "output_tokens": 2048,
        "first_tokens": 32,
        "prefill_requests": 32,
        "prefill_prefix_hits": 29,
        "prefill_tokens": 60640,
        "decode_tokens": 2016,
        "prefill_time_s": 2.4928793239741935,
        "decode_time_s": 27.15375116714131,
        "transfers": 0,
        "copies": 0,
        "rebalance_success": 0,
        "rebalance_fail": 0,
        "background_copy_success": 0,
        "background_copy_fail": 0,
        "local_prefix_hit_rate": 0.90625,
        "gpu_util_mean": 60.40845070422535,
        "gpu_util_p95": 88.0,
        "gpu_mem_util_mean": 14.348133069248826,
        "gpu_mem_util_p95": 16.76025390625,
        "physical_gpu_id": 4
      },
      "3": {
        "submitted": 32,
        "finished": 32,
        "output_tokens": 2048,
        "first_tokens": 32,
        "prefill_requests": 32,
        "prefill_prefix_hits": 30,
        "prefill_tokens": 60584,
        "decode_tokens": 2016,
        "prefill_time_s": 2.46531805498671,
        "decode_time_s": 27.361156833074347,
        "transfers": 0,
        "copies": 0,
        "rebalance_success": 0,
        "rebalance_fail": 0,
        "background_copy_success": 0,
        "background_copy_fail": 0,
        "local_prefix_hit_rate": 0.9375,
        "gpu_util_mean": 61.929577464788736,
        "gpu_util_p95": 88.0,
        "gpu_mem_util_mean": 14.50940342576291,
        "gpu_mem_util_p95": 16.76025390625,
        "physical_gpu_id": 5
      }
    }
  },
  "multi-gpu-kv-routing": {
    "name": "multi-gpu-kv-routing",
    "total_requests": 128,
    "total_tokens": 8134,
    "elapsed_s": 140.31668921699747,
    "throughput_tok_s": 57.96887059828572,
    "goodput_tok_s": 3.192777726583723,
    "mean_ttft_s": 9.472929643077862,
    "p50_ttft_s": 8.243618438496924,
    "p90_ttft_s": 15.918915498402928,
    "p95_ttft_s": 16.01462175270281,
    "mean_ttpt_s": 0.2652900358958411,
    "p50_ttpt_s": 0.24815788994527566,
    "p90_ttpt_s": 0.3698073412078543,
    "p95_ttpt_s": 0.37181119481096514,
    "mean_e2e_s": 16.52570222299147,
    "p50_e2e_s": 15.882104956497642,
    "p90_e2e_s": 22.915733584502593,
    "p95_e2e_s": 23.789065461746212,
    "route_hit_rate": 0.8671875,
    "routed_to_prefix_owner_rate": 0.8671875,
    "prefix_hit_rate": 0.9609375,
    "transfer_count": 0,
    "transfer_copy_count": 0,
    "rebalance_success": 0,
    "rebalance_fail": 0,
    "rebalance_fail_reasons": {},
    "background_copy_success": 0,
    "background_copy_fail": 0,
    "background_copy_fail_reasons": {},
    "gpu_util_mean": 15.28452380952381,
    "gpu_util_p95": 71.09999999999991,
    "gpu_mem_util_mean": 16.021621946304563,
    "gpu_mem_util_p95": 16.97998046875,
    "rank_stats": {
      "0": {
        "submitted": 116,
        "finished": 116,
        "output_tokens": 7366,
        "first_tokens": 116,
        "prefill_requests": 1061,
        "prefill_prefix_hits": 1045,
        "prefill_tokens": 2032484,
        "decode_tokens": 6305,
        "prefill_time_s": 48.80391532014619,
        "decode_time_s": 56.557045418187045,
        "transfers": 0,
        "copies": 0,
        "rebalance_success": 0,
        "rebalance_fail": 0,