{
  "single-gpu": {
    "name": "single-gpu",
    "total_requests": 128,
    "total_tokens": 8026,
    "elapsed_s": 147.2080822370001,
    "throughput_tok_s": 54.521462938960155,
    "goodput_tok_s": 0.10868968440360859,
    "mean_ttft_s": 10.326099110460927,
    "p50_ttft_s": 9.20120403750002,
    "p90_ttft_s": 15.748348441399866,
    "p95_ttft_s": 16.303447939699936,
    "mean_ttpt_s": 0.2898017192545304,
    "p50_ttpt_s": 0.25303969724218867,
    "p90_ttpt_s": 0.3706675705109365,
    "p95_ttpt_s": 0.3756119140429678,
    "mean_e2e_s": 17.68866344753908,
    "p50_e2e_s": 16.10409226750005,
    "p90_e2e_s": 23.45483156719988,
    "p95_e2e_s": 23.928374465600008,
    "route_hit_rate": 0.0,
    "routed_to_prefix_owner_rate": 0.0,
    "prefix_hit_rate": 0.9921875,
    "transfer_count": 0,
    "transfer_copy_count": 0,
    "rebalance_success": 0,
    "rebalance_fail": 0,
    "rebalance_fail_reasons": {},
    "background_copy_success": 0,
    "background_copy_fail": 0,
    "background_copy_fail_reasons": {},
    "gpu_util_mean": 49.30555555555556,
    "gpu_util_p95": 61.0,
    "gpu_mem_util_mean": 15.939952709056712,
    "gpu_mem_util_p95": 16.49169921875,
    "rank_stats": {
      "0": {
        "submitted": 128,
        "finished": 128,
        "output_tokens": 8026,
        "first_tokens": 128,
        "prefill_requests": 1214,
        "prefill_prefix_hits": 1206,
        "prefill_tokens": 2317563,
        "decode_tokens": 6812,
        "prefill_time_s": 53.77080603699983,
        "decode_time_s": 60.56138865500225,
        "transfers": 0,
        "copies": 0,
        "rebalance_success": 0,
        "rebalance_fail": 0,
        "background_copy_success": 0,
        "background_copy_fail": 0,
        "local_prefix_hit_rate": 0.9934102141680395,
        "gpu_util_mean": 49.30555555555556,
        "gpu_util_p95": 61.0,
        "gpu_mem_util_mean": 15.939952709056712,
        "gpu_mem_util_p95": 16.49169921875,
        "physical_gpu_id": 0
      }
    }
  },
  "multi-gpu": {
    "name": "multi-gpu",
    "total_requests": 128,
    "total_tokens": 8129,
    "elapsed_s": 47.72670891400003,
    "throughput_tok_s": 170.32391683758988,
    "goodput_tok_s": 148.86842528368507,
    "mean_ttft_s": 1.815174364757823,
    "p50_ttft_s": 0.12026262649987984,
    "p90_ttft_s": 13.158688329499956,
    "p95_ttft_s": 13.19224372184999,
    "mean_ttpt_s": 0.09196103864173112,
    "p50_ttpt_s": 0.06561393766406276,
    "p90_ttpt_s": 0.27059374792343827,
    "p95_ttpt_s": 0.2713524148250002,
    "mean_e2e_s": 5.848640993468752,
    "p50_e2e_s": 4.194339361999937,
    "p90_e2e_s": 17.31799986710005,
    "p95_e2e_s": 17.366554548800014,
    "route_hit_rate": 0.0,
    "routed_to_prefix_owner_rate": 0.0,
    "prefix_hit_rate": 0.8828125,
    "transfer_count": 0,
    "transfer_copy_count": 0,
    "rebalance_success": 0,
    "rebalance_fail": 0,
    "rebalance_fail_reasons": {},
    "background_copy_success": 0,
    "background_copy_fail": 0,
    "background_copy_fail_reasons": {},
    "gpu_util_mean": 60.59027777777778,
    "gpu_util_p95": 88.0,
    "gpu_mem_util_mean": 14.242271140769676,
    "gpu_mem_util_p95": 16.841634114583336,
    "rank_stats": {
      "0": {
        "submitted": 32,
        "finished": 32,
        "output_tokens": 2048,
        "first_tokens": 32,
        "prefill_requests": 32,
        "prefill_prefix_hits": 30,
        "prefill_tokens": 60544,
        "decode_tokens": 2016,
        "prefill_time_s": 2.5834984270015866,
        "decode_time_s": 27.07546820800121,
        "transfers": 0,
        "copies": 0,
        "rebalance_success": 0,
        "rebalance_fail": 0,
        "background_copy_success": 0,
        "background_copy_fail": 0,
        "local_prefix_hit_rate": 0.9375,
        "gpu_util_mean": 60.208333333333336,
        "gpu_util_p95": 87.0,
        "gpu_mem_util_mean": 14.117827238859952,
        "gpu_mem_util_p95": 16.776529947916664,
        "physical_gpu_id": 0
      },
      "1": {
        "submitted": 32,
        "finished": 32,
        "output_tokens": 2035,
        "first_tokens": 32,
        "prefill_requests": 32,
        "prefill_prefix_hits": 28,
        "prefill_tokens": 60616,
        "decode_tokens": 2003,
        "prefill_time_s": 2.528701815999966,
        "decode_time_s": 27.19063954899184,
        "transfers": 0,
        "copies": 0,
        "rebalance_success": 0,
        "rebalance_fail": 0,
        "background_copy_success": 0,
        "background_copy_fail": 0,
        "local_prefix_hit_rate": 0.875,
        "gpu_util_mean": 60.625,
        "gpu_util_p95": 88.0,
        "gpu_mem_util_mean": 14.197003399884261,
        "gpu_mem_util_p95": 16.841634114583336,
        "physical_gpu_id": 1
      },
      "2": {
        "submitted": 32,
        "finished": 32,
        "output_tokens": 2048,
        "first_tokens": 32,
        "prefill_requests": 32,
        "prefill_prefix_hits": 28,
        "prefill_tokens": 60640,
        "decode_tokens": 2016,
        "prefill_time_s": 2.462183702999482,
        "decode_time_s": 27.285165047996998,
        "transfers": 0,
        "copies": 0,
        "rebalance_success": 0,
        "rebalance_fail": 0,
        "background_copy_success": 0,
        "background_copy_fail": 0,
        "local_prefix_hit_rate": 0.875,
        "gpu_util_mean": 60.763888888888886,
        "gpu_util_p95": 88.0,
        "gpu_mem_util_mean": 14.48189064308449,
        "gpu_mem_util_p95": 16.76025390625,
        "physical_gpu_id": 4
      },
      "3": {
        "submitted": 32,
        "finished": 32,
        "output_tokens": 1998,
        "first_tokens": 32,
        "prefill_requests": 32,
        "prefill_prefix_hits": 27,
        "prefill_tokens": 60584,
        "decode_tokens": 1966,
        "prefill_time_s": 2.4919173980010783,
        "decode_time_s": 27.373412928999414,
        "transfers": 0,
        "copies": 0,
        "rebalance_success": 0,
        "rebalance_fail": 0,
        "background_copy_success": 0,
        "background_copy_fail": 0,
        "local_prefix_hit_rate": 0.84375,
        "gpu_util_mean": 60.763888888888886,
        "gpu_util_p95": 88.0,
        "gpu_mem_util_mean": 14.17236328125,
        "gpu_mem_util_p95": 16.76025390625,
        "physical_gpu_id": 5
      }
    }
  },
  "multi-gpu-kv-routing": {
    "name": "multi-gpu-kv-routing",
    "total_requests": 128,
    "total_tokens": 8007,
    "elapsed_s": 68.31702356200003,
    "throughput_tok_s": 117.20358385832448,
    "goodput_tok_s": 90.97293289365388,
    "mean_ttft_s": 1.8182431986561944,
    "p50_ttft_s": 0.23362300099984168,
    "p90_ttft_s": 7.903773247699883,
    "p95_ttft_s": 7.933634694399938,
    "mean_ttpt_s": 0.12003323512350289,
    "p50_ttpt_s": 0.11604177705468999,
    "p90_ttpt_s": 0.18954393771093833,
    "p95_ttpt_s": 0.19024781199765747,
    "mean_e2e_s": 7.5606305498437365,
    "p50_e2e_s": 7.352396488500062,
    "p90_e2e_s": 12.130812013500053,
    "p95_e2e_s": 12.175859967850078,
    "route_hit_rate": 0.875,
    "routed_to_prefix_owner_rate": 0.875,
    "prefix_hit_rate": 0.9375,
    "transfer_count": 0,
    "transfer_copy_count": 0,
    "rebalance_success": 0,
    "rebalance_fail": 0,
    "rebalance_fail_reasons": {},
    "background_copy_success": 0,
    "background_copy_fail": 0,
    "background_copy_fail_reasons": {},
    "gpu_util_mean": 30.781553398058254,
    "gpu_util_p95": 87.0,
    "gpu_mem_util_mean": 15.047062253489077,
    "gpu_mem_util_p95": 16.841634114583336,
    "rank_stats": {
      "0": {
        "submitted": 4,
        "finished": 4,
        "output_tokens": 256,
        "first_tokens": 4,
        "prefill_requests": 4,
        "prefill_prefix_hits": 3,
        "prefill_tokens": 7568,
        "decode_tokens": 252,
        "prefill_time_s": 0.9150753320004696,
        "decode_time_s": 3.4808701439997094,
        "transfers": 0,
        "copies": 0,
        "rebalance_success": 0,
        "rebalance_fail": 0,
        "background_copy_success": 0,
        "background_copy_fail": 0,