{
  "single-gpu": {
    "name": "single-gpu",
    "total_requests": 128,
    "total_tokens": 8057,
    "elapsed_s": 166.059227082,
    "throughput_tok_s": 48.518833560639514,
    "goodput_tok_s": 0.0,
    "mean_ttft_s": 12.229550897453121,
    "p50_ttft_s": 9.908730208500003,
    "p90_ttft_s": 20.940841967499985,
    "p95_ttft_s": 31.78579539685,
    "mean_ttpt_s": 0.32574430398171156,
    "p50_ttpt_s": 0.2787807215,
    "p90_ttpt_s": 0.49406254031249935,
    "p95_ttpt_s": 0.6186211209484379,
    "mean_e2e_s": 19.849816719546876,
    "p50_e2e_s": 17.37568605399997,
    "p90_e2e_s": 31.596454093799963,
    "p95_e2e_s": 39.58715817535002,
    "route_hit_rate": 0.0,
    "routed_to_prefix_owner_rate": 0.0,
    "prefix_hit_rate": 0.9921875,
    "transfer_count": 0,
    "transfer_copy_count": 0,
    "rebalance_success": 0,
    "rebalance_fail": 0,
    "rebalance_fail_reasons": {},
    "background_copy_success": 0,
    "background_copy_fail": 0,
    "background_copy_fail_reasons": {},
    "gpu_util_mean": 43.81327800829875,
    "gpu_util_p95": 60.0,
    "gpu_mem_util_mean": 15.578704454097512,
    "gpu_mem_util_p95": 16.280110677083336,
    "rank_stats": {
      "0": {
        "submitted": 128,
        "finished": 128,
        "output_tokens": 8057,
        "first_tokens": 128,
        "prefill_requests": 1212,
        "prefill_prefix_hits": 1206,
        "prefill_tokens": 2310956,
        "decode_tokens": 6845,
        "prefill_time_s": 58.52837299999919,
        "decode_time_s": 64.52613188199967,
        "transfers": 0,
        "copies": 0,
        "rebalance_success": 0,
        "rebalance_fail": 0,
        "background_copy_success": 0,
        "background_copy_fail": 0,
        "local_prefix_hit_rate": 0.995049504950495,
        "gpu_util_mean": 43.81327800829875,
        "gpu_util_p95": 60.0,
        "gpu_mem_util_mean": 15.578704454097512,
        "gpu_mem_util_p95": 16.280110677083336,
        "physical_gpu_id": 0
      }
    }
  },
  "multi-gpu": {
    "name": "multi-gpu",
    "total_requests": 128,
    "total_tokens": 8019,
    "elapsed_s": 59.07761540800004,
    "throughput_tok_s": 135.73669053192862,
    "goodput_tok_s": 118.40356032807591,
    "mean_ttft_s": 2.786400355117185,
    "p50_ttft_s": 0.10425258399999393,
    "p90_ttft_s": 18.4361191977,
    "p95_ttft_s": 20.83136771569997,
    "mean_ttpt_s": 0.11185619250476436,
    "p50_ttpt_s": 0.0653029084765624,
    "p90_ttpt_s": 0.3535301119109384,
    "p95_ttpt_s": 0.42903760744531266,
    "mean_e2e_s": 7.073089429726573,
    "p50_e2e_s": 4.178844454999933,
    "p90_e2e_s": 22.62592716230006,
    "p95_e2e_s": 27.45840687650001,
    "route_hit_rate": 0.0,
    "routed_to_prefix_owner_rate": 0.0,
    "prefix_hit_rate": 0.953125,
    "transfer_count": 0,
    "transfer_copy_count": 0,
    "rebalance_success": 0,
    "rebalance_fail": 0,
    "rebalance_fail_reasons": {},
    "background_copy_success": 0,
    "background_copy_fail": 0,
    "background_copy_fail_reasons": {},
    "gpu_util_mean": 51.59550561797753,
    "gpu_util_p95": 88.0,
    "gpu_mem_util_mean": 14.36624705568235,
    "gpu_mem_util_p95": 16.841634114583336,
    "rank_stats": {
      "0": {
        "submitted": 32,
        "finished": 32,
        "output_tokens": 2048,
        "first_tokens": 32,
        "prefill_requests": 32,
        "prefill_prefix_hits": 29,
        "prefill_tokens": 60544,
        "decode_tokens": 2016,
        "prefill_time_s": 2.5315457200000537,
        "decode_time_s": 31.368674492999958,
        "transfers": 0,
        "copies": 0,
        "rebalance_success": 0,
        "rebalance_fail": 0,
        "background_copy_success": 0,
        "background_copy_fail": 0,
        "local_prefix_hit_rate": 0.90625,
        "gpu_util_mean": 64.21348314606742,
        "gpu_util_p95": 100.0,
        "gpu_mem_util_mean": 14.26316164852528,
        "gpu_mem_util_p95": 16.776529947916664,
        "physical_gpu_id": 0
      },
      "1": {
        "submitted": 32,
        "finished": 32,
        "output_tokens": 2019,
        "first_tokens": 32,
        "prefill_requests": 32,
        "prefill_prefix_hits": 31,
        "prefill_tokens": 60616,
        "decode_tokens": 1987,
        "prefill_time_s": 5.502189498999883,
        "decode_time_s": 30.34253586499881,
        "transfers": 0,
        "copies": 0,
        "rebalance_success": 0,
        "rebalance_fail": 0,
        "background_copy_success": 0,
        "background_copy_fail": 0,
        "local_prefix_hit_rate": 0.96875,
        "gpu_util_mean": 47.28089887640449,
        "gpu_util_p95": 88.0,
        "gpu_mem_util_mean": 14.43460871664326,
        "gpu_mem_util_p95": 16.841634114583336,
        "physical_gpu_id": 1
      },
      "2": {
        "submitted": 32,
        "finished": 32,
        "output_tokens": 2048,
        "first_tokens": 32,
        "prefill_requests": 32,
        "prefill_prefix_hits": 31,
        "prefill_tokens": 60640,
        "decode_tokens": 2016,
        "prefill_time_s": 5.488554422000448,
        "decode_time_s": 30.530863405999185,
        "transfers": 0,
        "copies": 0,
        "rebalance_success": 0,
        "rebalance_fail": 0,
        "background_copy_success": 0,
        "background_copy_fail": 0,
        "local_prefix_hit_rate": 0.96875,
        "gpu_util_mean": 47.056179775280896,
        "gpu_util_p95": 88.0,
        "gpu_mem_util_mean": 14.452027738764045,
        "gpu_mem_util_p95": 16.76025390625,
        "physical_gpu_id": 4
      },
      "3": {
        "submitted": 32,
        "finished": 32,
        "output_tokens": 1904,
        "first_tokens": 32,
        "prefill_requests": 32,
        "prefill_prefix_hits": 31,
        "prefill_tokens": 60584,
        "decode_tokens": 1872,
        "prefill_time_s": 5.595864574999723,
        "decode_time_s": 30.53395865599873,
        "transfers": 0,
        "copies": 0,
        "rebalance_success": 0,
        "rebalance_fail": 0,
        "background_copy_success": 0,
        "background_copy_fail": 0,
        "local_prefix_hit_rate": 0.96875,
        "gpu_util_mean": 47.831460674157306,
        "gpu_util_p95": 88.0,
        "gpu_mem_util_mean": 14.315190118796817,
        "gpu_mem_util_p95": 16.76025390625,
        "physical_gpu_id": 5
      }
    }
  },
  "multi-gpu-kv-routing": {
    "name": "multi-gpu-kv-routing",
    "total_requests": 128,
    "total_tokens": 8097,
    "elapsed_s": 142.5678222040001,
    "throughput_tok_s": 56.79402178434075,
    "goodput_tok_s": 3.240562932489246,
    "mean_ttft_s": 9.674248632757823,
    "p50_ttft_s": 8.294626616000016,
    "p90_ttft_s": 16.086530321600026,
    "p95_ttft_s": 16.12377552135,
    "mean_ttpt_s": 0.2678628021807094,
    "p50_ttpt_s": 0.25005798399218815,
    "p90_ttpt_s": 0.37290979142031194,
    "p95_ttpt_s": 0.374418826578125,
    "mean_e2e_s": 16.740456802421882,
    "p50_e2e_s": 16.001700593500004,
    "p90_e2e_s": 23.853048372000025,
    "p95_e2e_s": 23.951107773500027,
    "route_hit_rate": 0.875,
    "routed_to_prefix_owner_rate": 0.875,
    "prefix_hit_rate": 0.9609375,
    "transfer_count": 0,
    "transfer_copy_count": 0,
    "rebalance_success": 0,
    "rebalance_fail": 0,
    "rebalance_fail_reasons": {},
    "background_copy_success": 0,
    "background_copy_fail": 0,
    "background_copy_fail_reasons": {},
    "gpu_util_mean": 14.833333333333334,
    "gpu_util_p95": 61.0,
    "gpu_mem_util_mean": 15.809650185667438,
    "gpu_mem_util_p95": 16.963704427083336,
    "rank_stats": {
      "0": {
        "submitted": 4,
        "finished": 4,
        "output_tokens": 256,
        "first_tokens": 4,
        "prefill_requests": 4,
        "prefill_prefix_hits": 3,
        "prefill_tokens": 7568,
        "decode_tokens": 252,
        "prefill_time_s": 0.9481742359999998,
        "decode_time_s": 3.49369095700024,
        "transfers": 0,
        "copies": 0,
        "rebalance_success": 0,
        "rebalance_fail": 0,
        "background_copy_success": 0,
        "background_copy_fail": 0,