{
  "single-gpu": {
    "name": "single-gpu",
    "total_requests": 128,
    "total_tokens": 8104,
    "elapsed_s": 166.89515059399855,
    "throughput_tok_s": 48.55743244280589,
    "goodput_tok_s": 0.0,
    "mean_ttft_s": 12.127879809312958,
    "p50_ttft_s": 9.818740160000743,
    "p90_ttft_s": 19.979010713301975,
    "p95_ttft_s": 30.460725984753665,
    "mean_ttpt_s": 0.31949410847746107,
    "p50_ttpt_s": 0.27477350465065686,
    "p90_ttpt_s": 0.47307307329535886,
    "p95_ttpt_s": 0.5962732863741507,
    "mean_e2e_s": 19.776610535750592,
    "p50_e2e_s": 17.4545124819997,
    "p90_e2e_s": 30.26863021790341,
    "p95_e2e_s": 38.15692635654814,
    "route_hit_rate": 0.0,
    "routed_to_prefix_owner_rate": 0.0,
    "prefix_hit_rate": 0.9921875,
    "transfer_count": 0,
    "transfer_copy_count": 0,
    "rebalance_success": 0,
    "rebalance_fail": 0,
    "rebalance_fail_reasons": {},
    "background_copy_success": 0,
    "background_copy_fail": 0,
    "background_copy_fail_reasons": {},
    "gpu_util_mean": 44.28861788617886,
    "gpu_util_p95": 61.0,
    "gpu_mem_util_mean": 15.712748375042343,
    "gpu_mem_util_p95": 16.483561197916664,
    "rank_stats": {
      "0": {
        "submitted": 128,
        "finished": 128,
        "output_tokens": 8104,
        "first_tokens": 128,
        "prefill_requests": 1236,
        "prefill_prefix_hits": 1228,
        "prefill_tokens": 2356132,
        "decode_tokens": 6868,
        "prefill_time_s": 58.850129987084074,
        "decode_time_s": 65.44616830790619,
        "transfers": 0,
        "copies": 0,
        "rebalance_success": 0,
        "rebalance_fail": 0,
        "background_copy_success": 0,
        "background_copy_fail": 0,
        "local_prefix_hit_rate": 0.9935275080906149,
        "gpu_util_mean": 44.28861788617886,
        "gpu_util_p95": 61.0,
        "gpu_mem_util_mean": 15.712748375042343,
        "gpu_mem_util_p95": 16.483561197916664,
        "physical_gpu_id": 0
      }
    }
  },
  "multi-gpu": {
    "name": "multi-gpu",
    "total_requests": 128,
    "total_tokens": 8130,
    "elapsed_s": 61.24875604900444,
    "throughput_tok_s": 132.73738969482545,
    "goodput_tok_s": 116.34522004493556,
    "mean_ttft_s": 2.7256948421093625,
    "p50_ttft_s": 0.1013419420014543,
    "p90_ttft_s": 18.226407055195885,
    "p95_ttft_s": 20.51195328950016,
    "mean_ttpt_s": 0.11198584462705266,
    "p50_ttpt_s": 0.06509653759204408,
    "p90_ttpt_s": 0.349866921782791,
    "p95_ttpt_s": 0.4230179751038122,
    "mean_e2e_s": 7.054448563155972,
    "p50_e2e_s": 4.165541210997617,
    "p90_e2e_s": 22.391482994098624,
    "p95_e2e_s": 27.043907323294842,
    "route_hit_rate": 0.0,
    "routed_to_prefix_owner_rate": 0.0,
    "prefix_hit_rate": 0.9609375,
    "transfer_count": 0,
    "transfer_copy_count": 0,
    "rebalance_success": 0,
    "rebalance_fail": 0,
    "rebalance_fail_reasons": {},
    "background_copy_success": 0,
    "background_copy_fail": 0,
    "background_copy_fail_reasons": {},
    "gpu_util_mean": 51.064516129032256,
    "gpu_util_p95": 88.0,
    "gpu_mem_util_mean": 14.436575503332213,
    "gpu_mem_util_p95": 16.841634114583336,
    "rank_stats": {
      "0": {
        "submitted": 32,
        "finished": 32,
        "output_tokens": 2048,
        "first_tokens": 32,
        "prefill_requests": 32,
        "prefill_prefix_hits": 30,
        "prefill_tokens": 60544,
        "decode_tokens": 2016,
        "prefill_time_s": 2.4647140329907415,
        "decode_time_s": 32.167701570142526,
        "transfers": 0,
        "copies": 0,
        "rebalance_success": 0,
        "rebalance_fail": 0,
        "background_copy_success": 0,
        "background_copy_fail": 0,
        "local_prefix_hit_rate": 0.9375,
        "gpu_util_mean": 62.505376344086024,
        "gpu_util_p95": 100.0,
        "gpu_mem_util_mean": 14.313816084229389,
        "gpu_mem_util_p95": 16.776529947916664,
        "physical_gpu_id": 0
      },
      "1": {
        "submitted": 32,
        "finished": 32,
        "output_tokens": 1986,
        "first_tokens": 32,
        "prefill_requests": 32,
        "prefill_prefix_hits": 31,
        "prefill_tokens": 60616,
        "decode_tokens": 1954,
        "prefill_time_s": 5.251488007001171,
        "decode_time_s": 30.559196482034167,
        "transfers": 0,
        "copies": 0,
        "rebalance_success": 0,
        "rebalance_fail": 0,
        "background_copy_success": 0,
        "background_copy_fail": 0,
        "local_prefix_hit_rate": 0.96875,
        "gpu_util_mean": 46.13978494623656,
        "gpu_util_p95": 88.0,
        "gpu_mem_util_mean": 14.410553525425629,
        "gpu_mem_util_p95": 16.841634114583336,
        "physical_gpu_id": 1
      },
      "2": {
        "submitted": 32,
        "finished": 32,
        "output_tokens": 2048,
        "first_tokens": 32,
        "prefill_requests": 32,
        "prefill_prefix_hits": 31,
        "prefill_tokens": 60640,
        "decode_tokens": 2016,
        "prefill_time_s": 5.418753341997217,
        "decode_time_s": 30.431599713025207,
        "transfers": 0,
        "copies": 0,
        "rebalance_success": 0,
        "rebalance_fail": 0,
        "background_copy_success": 0,
        "background_copy_fail": 0,
        "local_prefix_hit_rate": 0.96875,
        "gpu_util_mean": 45.096774193548384,
        "gpu_util_p95": 88.0,
        "gpu_mem_util_mean": 14.387189530129929,
        "gpu_mem_util_p95": 16.76025390625,
        "physical_gpu_id": 4
      },
      "3": {
        "submitted": 32,
        "finished": 32,
        "output_tokens": 2048,
        "first_tokens": 32,
        "prefill_requests": 32,
        "prefill_prefix_hits": 31,
        "prefill_tokens": 60584,
        "decode_tokens": 2016,
        "prefill_time_s": 5.515793713981111,
        "decode_time_s": 32.558657887086156,
        "transfers": 0,
        "copies": 0,
        "rebalance_success": 0,
        "rebalance_fail": 0,
        "background_copy_success": 0,
        "background_copy_fail": 0,
        "local_prefix_hit_rate": 0.96875,
        "gpu_util_mean": 50.516129032258064,
        "gpu_util_p95": 88.0,
        "gpu_mem_util_mean": 14.634742873543907,
        "gpu_mem_util_p95": 16.76025390625,
        "physical_gpu_id": 5
      }
    }
  },
  "multi-gpu-kv-routing": {
    "name": "multi-gpu-kv-routing",
    "total_requests": 128,
    "total_tokens": 8181,
    "elapsed_s": 52.55177647899836,
    "throughput_tok_s": 155.67504179938484,
    "goodput_tok_s": 133.75380379023056,
    "mean_ttft_s": 1.4710585896643238,
    "p50_ttft_s": 0.10934448549960507,
    "p90_ttft_s": 9.424684262403753,
    "p95_ttft_s": 9.481861620954806,
    "mean_ttpt_s": 0.09122974014640478,
    "p50_ttpt_s": 0.06699875918752696,
    "p90_ttpt_s": 0.21243262478133146,
    "p95_ttpt_s": 0.214197917405545,
    "mean_e2e_s": 5.833006673344528,
    "p50_e2e_s": 4.287920588001725,
    "p90_e2e_s": 13.595687986005213,
    "p95_e2e_s": 13.70866671395488,
    "route_hit_rate": 0.875,
    "routed_to_prefix_owner_rate": 0.875,
    "prefix_hit_rate": 0.953125,
    "transfer_count": 0,
    "transfer_copy_count": 0,
    "rebalance_success": 0,
    "rebalance_fail": 0,
    "rebalance_fail_reasons": {},
    "background_copy_success": 0,
    "background_copy_fail": 0,
    "background_copy_fail_reasons": {},
    "gpu_util_mean": 45.00632911392405,
    "gpu_util_p95": 88.0,
    "gpu_mem_util_mean": 14.164508545952003,
    "gpu_mem_util_p95": 17.045084635416664,
    "rank_stats": {
      "0": {
        "submitted": 4,
        "finished": 4,
        "output_tokens": 256,
        "first_tokens": 4,
        "prefill_requests": 4,
        "prefill_prefix_hits": 3,
        "prefill_tokens": 7568,
        "decode_tokens": 252,
        "prefill_time_s": 0.8883071579984971,
        "decode_time_s": 3.496120075993531,
        "transfers": 0,
        "copies": 0,
        "rebalance_success": 0,
        "rebalance_fail": 0,
        "background_copy_success": 0,
        "background_copy_fail": 0,