{
  "single-gpu": {
    "name": "single-gpu",
    "total_requests": 128,
    "total_tokens": 8034,
    "elapsed_s": 154.75536066302448,
    "throughput_tok_s": 51.914195188971924,
    "goodput_tok_s": 0.0,
    "mean_ttft_s": 10.901584599249645,
    "p50_ttft_s": 9.705294168496039,
    "p95_ttft_s": 19.353443472340587,
    "mean_ttpt_s": 0.29957169181454824,
    "p50_ttpt_s": 0.27097354489842473,
    "p95_ttpt_s": 0.43185926311502953,
    "mean_e2e_s": 18.506138076751085,
    "p50_e2e_s": 17.226937158993678,
    "p95_e2e_s": 27.628727752958365,
    "route_hit_rate": 0.0,
    "routed_to_prefix_owner_rate": 0.0,
    "prefix_hit_rate": 0.9921875,
    "transfer_count": 0,
    "transfer_copy_count": 0,
    "rebalance_success": 0,
    "rebalance_fail": 0,
    "rebalance_fail_reasons": {},
    "background_copy_success": 0,
    "background_copy_fail": 0,
    "background_copy_fail_reasons": {},
    "gpu_util_mean": 7.403809523809524,
    "gpu_util_p95": 56.0,
    "gpu_mem_util_mean": 2.628917875744048,
    "gpu_mem_util_p95": 16.280110677083336
  },
  "multi-gpu": {
    "name": "multi-gpu",
    "total_requests": 128,
    "total_tokens": 8130,
    "elapsed_s": 55.39948565498344,
    "throughput_tok_s": 146.75226500534612,
    "goodput_tok_s": 128.26833888413154,
    "mean_ttft_s": 2.77028833535951,
    "p50_ttft_s": 0.16882223550055642,
    "p95_ttft_s": 20.967617038058233,
    "mean_ttpt_s": 0.1063336184628804,
    "p50_ttpt_s": 0.06531158065627096,
    "p95_ttpt_s": 0.3930455654061916,
    "mean_e2e_s": 6.771100472242324,
    "p50_e2e_s": 4.175444149499526,
    "p95_e2e_s": 25.154916185996264,
    "route_hit_rate": 0.0,
    "routed_to_prefix_owner_rate": 0.0,
    "prefix_hit_rate": 0.8359375,
    "transfer_count": 0,
    "transfer_copy_count": 0,
    "rebalance_success": 0,
    "rebalance_fail": 0,
    "rebalance_fail_reasons": {},
    "background_copy_success": 0,
    "background_copy_fail": 0,
    "background_copy_fail_reasons": {},
    "gpu_util_mean": 36.40643274853801,
    "gpu_util_p95": 88.0,
    "gpu_mem_util_mean": 9.099925377680313,
    "gpu_mem_util_p95": 16.971842447916664
  },
  "multi-gpu-kv-routing": {
    "name": "multi-gpu-kv-routing",
    "total_requests": 128,
    "total_tokens": 8119,
    "elapsed_s": 56.59933381999144,
    "throughput_tok_s": 143.4469180471571,
    "goodput_tok_s": 125.35483231242513,
    "mean_ttft_s": 2.047231646023647,
    "p50_ttft_s": 0.10537000199838076,
    "p95_ttft_s": 15.287264184252127,
    "mean_ttpt_s": 0.09653232617340333,
    "p50_ttpt_s": 0.06569127569537159,
    "p95_ttpt_s": 0.30811180000471267,
    "mean_e2e_s": 6.128963114766975,
    "p50_e2e_s": 4.203028654490481,
    "p95_e2e_s": 19.71915520030161,
    "route_hit_rate": 0.875,
    "routed_to_prefix_owner_rate": 0.875,
    "prefix_hit_rate": 0.9609375,
    "transfer_count": 0,
    "transfer_copy_count": 0,
    "rebalance_success": 0,
    "rebalance_fail": 0,
    "rebalance_fail_reasons": {},
    "background_copy_success": 0,
    "background_copy_fail": 0,
    "background_copy_fail_reasons": {},
    "gpu_util_mean": 26.913793103448278,
    "gpu_util_p95": 87.0,
    "gpu_mem_util_mean": 9.137313667385058,
    "gpu_mem_util_p95": 16.971842447916664
  },
  "multi-gpu-kv-transfer": {
    "name": "multi-gpu-kv-transfer",
    "total_requests": 128,
    "total_tokens": 8192,
    "elapsed_s": 56.201476460002596,
    "throughput_tok_s": 145.76129518287786,
    "goodput_tok_s": 127.54113328501813,
    "mean_ttft_s": 2.806674100258533,
    "p50_ttft_s": 0.10366313801205251,
    "p95_ttft_s": 21.475391054658395,
    "mean_ttpt_s": 0.10786156779994727,
    "p50_ttpt_s": 0.06562296036713633,
    "p95_ttpt_s": 0.4015329428088535,
    "mean_e2e_s": 6.903140339196625,
    "p50_e2e_s": 4.199869463496725,
    "p95_e2e_s": 25.698108339766623,
    "route_hit_rate": 0.0,
    "routed_to_prefix_owner_rate": 0.0,
    "prefix_hit_rate": 0.9296875,
    "transfer_count": 0,
    "transfer_copy_count": 0,
    "rebalance_success": 0,
    "rebalance_fail": 0,
    "rebalance_fail_reasons": {},
    "background_copy_success": 0,
    "background_copy_fail": 0,
    "background_copy_fail_reasons": {},
    "gpu_util_mean": 35.985380116959064,
    "gpu_util_p95": 88.0,
    "gpu_mem_util_mean": 9.104565477278266,
    "gpu_mem_util_p95": 16.971842447916664
  },
  "multi-gpu-lmpool": {
    "name": "multi-gpu-lmpool",
    "total_requests": 128,
    "total_tokens": 8107,
    "elapsed_s": 60.47969961902709,
    "throughput_tok_s": 134.04497791932675,
    "goodput_tok_s": 115.12954005825486,
    "mean_ttft_s": 2.1365285611175295,
    "p50_ttft_s": 0.110427218984114,
    "p95_ttft_s": 14.654666124888172,
    "mean_ttpt_s": 0.10225331362874909,
    "p50_ttpt_s": 0.06581091968746478,
    "p95_ttpt_s": 0.2997145342240401,
    "mean_e2e_s": 6.485308001703515,
    "p50_e2e_s": 4.211183623498073,
    "p95_e2e_s": 19.165108027485257,
    "route_hit_rate": 0.875,
    "routed_to_prefix_owner_rate": 0.875,
    "prefix_hit_rate": 0.96875,
    "transfer_count": 7,
    "transfer_copy_count": 7,
    "rebalance_success": 0,
    "rebalance_fail": 32,
    "rebalance_fail_reasons": {
      "no_plan": 30,
      "no_target_space": 2
    },
    "background_copy_success": 4,
    "background_copy_fail": 0,
    "background_copy_fail_reasons": {},
    "gpu_util_mean": 32.846774193548384,
    "gpu_util_p95": 87.0,
    "gpu_mem_util_mean": 9.369180877576165,
    "gpu_mem_util_p95": 17.386881510416664
  }
}