{
  "single-gpu": {
    "name": "single-gpu",
    "total_requests": 64,
    "total_tokens": 2048,
    "elapsed_s": 388.5798230770015,
    "throughput_tok_s": 5.270474374564131,
    "goodput_tok_s": 0.0,
    "mean_ttft_s": 40.94866831684317,
    "p50_ttft_s": 40.051304897999216,
    "p95_ttft_s": 55.30108623525666,
    "mean_ttpt_s": 1.449791075039542,
    "p50_ttpt_s": 1.4244419773281152,
    "p95_ttpt_s": 1.8963476945701814,
    "mean_e2e_s": 46.39331440126534,
    "p50_e2e_s": 45.582143274499686,
    "p95_e2e_s": 60.683126226245804,
    "route_hit_rate": 0.0,
    "routed_to_prefix_owner_rate": 0.0,
    "prefix_hit_rate": 0.984375,
    "transfer_count": 0,
    "rebalance_success": 0,
    "rebalance_fail": 0,
    "rebalance_fail_reasons": {},
    "gpu_util_mean": 11.396044756700494,
    "gpu_util_p95": 86.0,
    "gpu_mem_util_mean": 2.3348115181010924,
    "gpu_mem_util_p95": 16.434733072916664
  },
  "multi-gpu": {
    "name": "multi-gpu",
    "total_requests": 64,
    "total_tokens": 2048,
    "elapsed_s": 206.2847783239995,
    "throughput_tok_s": 9.928022884865143,
    "goodput_tok_s": 0.0,
    "mean_ttft_s": 19.6019761413595,
    "p50_ttft_s": 17.23636299899954,
    "p95_ttft_s": 39.60868157675213,
    "mean_ttpt_s": 0.7808936646064382,
    "p50_ttpt_s": 0.7091333049529567,
    "p95_ttpt_s": 1.4076015726561764,
    "mean_e2e_s": 24.98859726740602,
    "p50_e2e_s": 22.692265758494614,
    "p95_e2e_s": 45.04325032499764,
    "route_hit_rate": 0.0,
    "routed_to_prefix_owner_rate": 0.0,
    "prefix_hit_rate": 0.0,
    "transfer_count": 0,
    "rebalance_success": 0,
    "rebalance_fail": 0,
    "rebalance_fail_reasons": {},
    "gpu_util_mean": 22.671325051759833,
    "gpu_util_p95": 94.0,
    "gpu_mem_util_mean": 4.722223485890054,
    "gpu_mem_util_p95": 16.914876302083336
  },
  "multi-gpu-kv-routing": {
    "name": "multi-gpu-kv-routing",
    "total_requests": 64,
    "total_tokens": 2048,
    "elapsed_s": 221.35126308799954,
    "throughput_tok_s": 9.252262541577661,
    "goodput_tok_s": 0.0,
    "mean_ttft_s": 18.844064454516,
    "p50_ttft_s": 17.26819037400128,
    "p95_ttft_s": 34.17083755226122,
    "mean_ttpt_s": 0.7581039443056454,
    "p50_ttpt_s": 0.7121658149999348,
    "p95_ttpt_s": 1.2388386962188633,
    "mean_e2e_s": 24.259326217780654,
    "p50_e2e_s": 22.789306079997914,
    "p95_e2e_s": 39.64283827900363,
    "route_hit_rate": 0.875,
    "routed_to_prefix_owner_rate": 0.875,
    "prefix_hit_rate": 0.0,
    "transfer_count": 0,
    "rebalance_success": 0,
    "rebalance_fail": 994,
    "rebalance_fail_reasons": {
      "pinned_source": 994
    },
    "gpu_util_mean": 22.639123942259832,
    "gpu_util_p95": 94.0,
    "gpu_mem_util_mean": 4.725283668154763,
    "gpu_mem_util_p95": 16.914876302083336
  },
  "multi-gpu-kv-transfer": {
    "name": "multi-gpu-kv-transfer",
    "total_requests": 64,
    "total_tokens": 2048,
    "elapsed_s": 220.45510450999427,
    "throughput_tok_s": 9.28987334882579,
    "goodput_tok_s": 0.0,
    "mean_ttft_s": 21.30478986476487,
    "p50_ttft_s": 17.270389578501636,
    "p95_ttft_s": 52.604707807749946,
    "mean_ttpt_s": 0.8349669204970596,
    "p50_ttpt_s": 0.712268937765657,
    "p95_ttpt_s": 1.814428975593728,
    "mean_e2e_s": 26.718941455905906,
    "p50_e2e_s": 22.792606008501025,
    "p95_e2e_s": 58.061727218999295,
    "route_hit_rate": 0.0,
    "routed_to_prefix_owner_rate": 0.0,
    "prefix_hit_rate": 0.0,
    "transfer_count": 0,
    "rebalance_success": 0,
    "rebalance_fail": 994,
    "rebalance_fail_reasons": {
      "pinned_source": 994
    },
    "gpu_util_mean": 22.45583038869258,
    "gpu_util_p95": 94.0,
    "gpu_mem_util_mean": 4.3516248599981076,
    "gpu_mem_util_p95": 15.547688802083334
  },
  "multi-gpu-lmpool": {
    "name": "multi-gpu-lmpool",
    "total_requests": 64,
    "total_tokens": 2048,
    "elapsed_s": 189.5801987540035,
    "throughput_tok_s": 10.80281597688087,
    "goodput_tok_s": 0.0,
    "mean_ttft_s": 17.05806192406294,
    "p50_ttft_s": 17.29429570200591,
    "p95_ttft_s": 17.911823664246185,
    "mean_ttpt_s": 0.7026450709970575,
    "p50_ttpt_s": 0.7131152784529604,
    "p95_ttpt_s": 0.7310743160154516,
    "mean_e2e_s": 22.48464227190584,
    "p50_e2e_s": 22.819688910494733,
    "p95_e2e_s": 23.39437811249445,
    "route_hit_rate": 0.875,
    "routed_to_prefix_owner_rate": 0.875,
    "prefix_hit_rate": 0.0,
    "transfer_count": 0,
    "rebalance_success": 0,
    "rebalance_fail": 994,
    "rebalance_fail_reasons": {
      "pinned_source": 994
    },
    "gpu_util_mean": 22.234367056431115,
    "gpu_util_p95": 94.0,
    "gpu_mem_util_mean": 4.687125576570709,
    "gpu_mem_util_p95": 16.914876302083336
  }
}