{
  "single-gpu": {
    "name": "single-gpu",
    "total_requests": 64,
    "total_tokens": 1024,
    "elapsed_s": 42.35783587099286,
    "throughput_tok_s": 24.17498389480392,
    "goodput_tok_s": 22.286313278022362,
    "mean_ttft_s": 2.316269695156734,
    "p50_ttft_s": 0.15665670800080989,
    "p95_ttft_s": 27.74643995675433,
    "mean_ttpt_s": 0.20379358192091956,
    "p50_ttpt_s": 0.06865193171915962,
    "p95_ttpt_s": 1.7959421522032244,
    "mean_e2e_s": 3.260697310734713,
    "p50_e2e_s": 1.098430907506554,
    "p95_e2e_s": 28.73507443525159,
    "route_hit_rate": 0.0,
    "routed_to_prefix_owner_rate": 0.0,
    "prefix_hit_rate": 0.984375,
    "transfer_count": 0,
    "rebalance_success": 0,
    "rebalance_fail": 0,
    "rebalance_fail_reasons": {},
    "gpu_util_mean": 5.825892857142857,
    "gpu_util_p95": 53.0,
    "gpu_mem_util_mean": 2.0087105887276784,
    "gpu_mem_util_p95": 16.141764322916664
  },
  "multi-gpu": {
    "name": "multi-gpu",
    "total_requests": 64,
    "total_tokens": 1024,
    "elapsed_s": 57.233429276995594,
    "throughput_tok_s": 17.891641527263623,
    "goodput_tok_s": 16.493857032946153,
    "mean_ttft_s": 3.6009422653282854,
    "p50_ttft_s": 0.10300005400495138,
    "p95_ttft_s": 44.62911443625126,
    "mean_ttpt_s": 0.2780208975839997,
    "p50_ttpt_s": 0.05879615681215,
    "p95_ttpt_s": 2.8413716664842923,
    "mean_e2e_s": 4.448334361343996,
    "p50_e2e_s": 0.9407385089944,
    "p95_e2e_s": 45.46194666374868,
    "route_hit_rate": 0.0,
    "routed_to_prefix_owner_rate": 0.0,
    "prefix_hit_rate": 0.78125,
    "transfer_count": 0,
    "rebalance_success": 0,
    "rebalance_fail": 0,
    "rebalance_fail_reasons": {},
    "gpu_util_mean": 10.722943722943723,
    "gpu_util_p95": 65.0,
    "gpu_mem_util_mean": 3.77718662630772,
    "gpu_mem_util_p95": 16.630045572916664
  },
  "multi-gpu-kv-routing": {
    "name": "multi-gpu-kv-routing",
    "total_requests": 64,
    "total_tokens": 1024,
    "elapsed_s": 39.65875842300011,
    "throughput_tok_s": 25.820273773526175,
    "goodput_tok_s": 25.416831995814828,
    "mean_ttft_s": 0.9049477124995065,
    "p50_ttft_s": 0.09494945350161288,
    "p95_ttft_s": 6.227795361752214,
    "mean_ttpt_s": 0.10797888674025558,
    "p50_ttpt_s": 0.057089282905963046,
    "p95_ttpt_s": 0.4457054352187697,
    "mean_e2e_s": 1.7276621878440892,
    "p50_e2e_s": 0.9134285264954087,
    "p95_e2e_s": 7.131286963500315,
    "route_hit_rate": 0.921875,
    "routed_to_prefix_owner_rate": 0.921875,
    "prefix_hit_rate": 0.96875,
    "transfer_count": 0,
    "rebalance_success": 0,
    "rebalance_fail": 0,
    "rebalance_fail_reasons": {},
    "gpu_util_mean": 7.558035714285714,
    "gpu_util_p95": 63.0,
    "gpu_mem_util_mean": 3.797276814778646,
    "gpu_mem_util_p95": 16.605631510416664
  },
  "multi-gpu-kv-transfer": {
    "name": "multi-gpu-kv-transfer",
    "total_requests": 64,
    "total_tokens": 1024,
    "elapsed_s": 55.292510529005085,
    "throughput_tok_s": 18.519687209044974,
    "goodput_tok_s": 17.072836645838336,
    "mean_ttft_s": 3.305910571735467,
    "p50_ttft_s": 0.1030916854942916,
    "p95_ttft_s": 40.931254795501445,
    "mean_ttpt_s": 0.26671914299326716,
    "p50_ttpt_s": 0.0683460925001782,
    "p95_ttpt_s": 2.6111801751565054,
    "mean_e2e_s": 4.2675062878922745,
    "p50_e2e_s": 1.0935374800028512,
    "p95_e2e_s": 41.778882802504086,
    "route_hit_rate": 0.0,
    "routed_to_prefix_owner_rate": 0.0,
    "prefix_hit_rate": 0.953125,
    "transfer_count": 0,
    "rebalance_success": 0,
    "rebalance_fail": 0,
    "rebalance_fail_reasons": {},
    "gpu_util_mean": 10.922448979591836,
    "gpu_util_p95": 61.0,
    "gpu_mem_util_mean": 3.87537534545068,
    "gpu_mem_util_p95": 16.630045572916664
  },
  "multi-gpu-lmpool": {
    "name": "multi-gpu-lmpool",
    "total_requests": 64,
    "total_tokens": 1024,
    "elapsed_s": 24.09532628499437,
    "throughput_tok_s": 42.49786817112774,
    "goodput_tok_s": 41.83383898095387,
    "mean_ttft_s": 0.661745311421555,
    "p50_ttft_s": 0.1064835889992537,
    "p95_ttft_s": 6.583994360247743,
    "mean_ttpt_s": 0.10208672551476639,
    "p50_ttpt_s": 0.06600450134419589,
    "p95_ttpt_s": 0.48867201212488,
    "mean_e2e_s": 1.6333876082362622,
    "p50_e2e_s": 1.0560720215071342,
    "p95_e2e_s": 7.81875219399808,
    "route_hit_rate": 0.921875,
    "routed_to_prefix_owner_rate": 0.921875,
    "prefix_hit_rate": 0.96875,
    "transfer_count": 0,
    "rebalance_success": 0,
    "rebalance_fail": 0,
    "rebalance_fail_reasons": {},
    "gpu_util_mean": 5.503968253968254,
    "gpu_util_p95": 53.0,
    "gpu_mem_util_mean": 3.684521226025132,
    "gpu_mem_util_p95": 16.605631510416664
  }
}