{
  "single-gpu": {
    "name": "single-gpu",
    "total_requests": 32,
    "total_tokens": 512,
    "elapsed_s": 49.566135907007265,
    "throughput_tok_s": 10.329633138249486,
    "goodput_tok_s": 8.715627960398004,
    "mean_ttft_s": 6.741810406030254,
    "p50_ttft_s": 0.15225215700047556,
    "p95_ttft_s": 41.5174123963021,
    "mean_ttpt_s": 0.4768123007130214,
    "p50_ttpt_s": 0.06104860646883026,
    "p95_ttpt_s": 2.6705235340287343,
    "mean_e2e_s": 7.628996811408342,
    "p50_e2e_s": 0.9767777035012841,
    "p95_e2e_s": 42.72837654445975,
    "route_hit_rate": 0.0,
    "routed_to_prefix_owner_rate": 0.0,
    "prefix_hit_rate": 0.96875,
    "transfer_count": 0,
    "rebalance_success": 0,
    "rebalance_fail": 0,
    "rebalance_fail_reasons": {},
    "gpu_util_mean": 3.175,
    "gpu_util_p95": 29.05000000000001,
    "gpu_mem_util_mean": 1.9052850632440474,
    "gpu_mem_util_p95": 15.986328125000002
  },
  "multi-gpu": {
    "name": "multi-gpu",
    "total_requests": 32,
    "total_tokens": 512,
    "elapsed_s": 46.721200763000525,
    "throughput_tok_s": 10.958622459152703,
    "goodput_tok_s": 9.246337699910095,
    "mean_ttft_s": 5.689912353218915,
    "p50_ttft_s": 0.14309234150277916,
    "p95_ttft_s": 36.22953196295712,
    "mean_ttpt_s": 0.4301720280645043,
    "p50_ttpt_s": 0.059165185937672504,
    "p95_ttpt_s": 2.426045359684031,
    "mean_e2e_s": 6.882752449032068,
    "p50_e2e_s": 0.9466429750027601,
    "p95_e2e_s": 38.81672575494449,
    "route_hit_rate": 0.0,
    "routed_to_prefix_owner_rate": 0.0,
    "prefix_hit_rate": 0.59375,
    "transfer_count": 0,
    "rebalance_success": 0,
    "rebalance_fail": 0,
    "rebalance_fail_reasons": {},
    "gpu_util_mean": 9.110714285714286,
    "gpu_util_p95": 68.10000000000002,
    "gpu_mem_util_mean": 3.723827543712798,
    "gpu_mem_util_p95": 16.61376953125
  },
  "multi-gpu-kv-routing": {
    "name": "multi-gpu-kv-routing",
    "total_requests": 32,
    "total_tokens": 512,
    "elapsed_s": 46.72411946101056,
    "throughput_tok_s": 10.95793791100213,
    "goodput_tok_s": 9.245760112408046,
    "mean_ttft_s": 3.6953877779696995,
    "p50_ttft_s": 0.0949997514981078,
    "p95_ttft_s": 26.413579075651796,
    "mean_ttpt_s": 0.2828916145234075,
    "p50_ttpt_s": 0.05756783334345528,
    "p95_ttpt_s": 1.7081853864781351,
    "mean_e2e_s": 4.52626583237452,
    "p50_e2e_s": 0.9210853334952844,
    "p95_e2e_s": 27.330966183650162,
    "route_hit_rate": 0.84375,
    "routed_to_prefix_owner_rate": 0.84375,
    "prefix_hit_rate": 0.9375,
    "transfer_count": 0,
    "rebalance_success": 0,
    "rebalance_fail": 0,
    "rebalance_fail_reasons": {},
    "gpu_util_mean": 5.746753246753247,
    "gpu_util_p95": 59.349999999999994,
    "gpu_mem_util_mean": 3.500405844155844,
    "gpu_mem_util_p95": 16.605631510416664
  },
  "multi-gpu-kv-transfer": {
    "name": "multi-gpu-kv-transfer",
    "total_requests": 32,
    "total_tokens": 512,
    "elapsed_s": 48.640912906004814,
    "throughput_tok_s": 10.52611822868959,
    "goodput_tok_s": 8.88141225545684,
    "mean_ttft_s": 6.580056510752911,
    "p50_ttft_s": 0.11337559600360692,
    "p95_ttft_s": 41.414292812748315,
    "mean_ttpt_s": 0.4705449606368006,
    "p50_ttpt_s": 0.06222084040609843,
    "p95_ttpt_s": 2.6609809506094733,
    "mean_e2e_s": 7.52871937018881,
    "p50_e2e_s": 0.9955334464975749,
    "p95_e2e_s": 42.57569520975157,
    "route_hit_rate": 0.0,
    "routed_to_prefix_owner_rate": 0.0,
    "prefix_hit_rate": 0.84375,
    "transfer_count": 0,
    "rebalance_success": 0,
    "rebalance_fail": 0,
    "rebalance_fail_reasons": {},
    "gpu_util_mean": 7.52,
    "gpu_util_p95": 57.599999999999966,
    "gpu_mem_util_mean": 3.5061151413690474,
    "gpu_mem_util_p95": 16.621907552083336
  },
  "multi-gpu-lmpool": {
    "name": "multi-gpu-lmpool",
    "total_requests": 32,
    "total_tokens": 512,
    "elapsed_s": 15.751415906008333,
    "throughput_tok_s": 32.50501434634197,
    "goodput_tok_s": 31.489232648018785,
    "mean_ttft_s": 1.1465684350318952,
    "p50_ttft_s": 0.09534811300545698,
    "p95_ttft_s": 7.364818113396905,
    "mean_ttpt_s": 0.12337263441409618,
    "p50_ttpt_s": 0.05707397525020497,
    "p95_ttpt_s": 0.5167930682750466,
    "mean_e2e_s": 1.973962150625539,
    "p50_e2e_s": 0.9131836040032795,
    "p95_e2e_s": 8.268689092400745,
    "route_hit_rate": 0.84375,
    "routed_to_prefix_owner_rate": 0.84375,
    "prefix_hit_rate": 0.9375,
    "transfer_count": 0,
    "rebalance_success": 0,
    "rebalance_fail": 0,
    "rebalance_fail_reasons": {},
    "gpu_util_mean": 6.496894409937888,
    "gpu_util_p95": 62.0,
    "gpu_mem_util_mean": 3.0898953076475153,
    "gpu_mem_util_p95": 16.605631510416664
  }
}