{
  "single-gpu": {
    "name": "single-gpu",
    "total_requests": 64,
    "total_tokens": 1024,
    "elapsed_s": 42.86225888400804,
    "throughput_tok_s": 23.89048143195401,
    "goodput_tok_s": 22.024037570082605,
    "mean_ttft_s": 2.3393997094372025,
    "p50_ttft_s": 0.1534805114933988,
    "p95_ttft_s": 28.020913929249218,
    "mean_ttpt_s": 0.20637591290912383,
    "p50_ttpt_s": 0.06970219815639211,
    "p95_ttpt_s": 1.8159269992656846,
    "mean_e2e_s": 3.3020146065459812,
    "p50_e2e_s": 1.1152351705022738,
    "p95_e2e_s": 29.054831988250953,
    "route_hit_rate": 0.0,
    "routed_to_prefix_owner_rate": 0.0,
    "prefix_hit_rate": 0.984375,
    "transfer_count": 0,
    "rebalance_success": 0,
    "rebalance_fail": 0,
    "rebalance_fail_reasons": {},
    "gpu_util_mean": 6.200892857142857,
    "gpu_util_p95": 54.849999999999994,
    "gpu_mem_util_mean": 2.005113874162946,
    "gpu_mem_util_p95": 16.141764322916664
  },
  "multi-gpu": {
    "name": "multi-gpu",
    "total_requests": 64,
    "total_tokens": 1024,
    "elapsed_s": 42.58757651000633,
    "throughput_tok_s": 24.04457083298464,
    "goodput_tok_s": 22.166088736657716,
    "mean_ttft_s": 2.358054419798009,
    "p50_ttft_s": 0.10304234599607298,
    "p95_ttft_s": 28.809786050504044,
    "mean_ttpt_s": 0.20583112823042882,
    "p50_ttpt_s": 0.06751929837491844,
    "p95_ttpt_s": 1.8670025901096778,
    "mean_e2e_s": 3.293298051686861,
    "p50_e2e_s": 1.080308773998695,
    "p95_e2e_s": 29.872041441754845,
    "route_hit_rate": 0.0,
    "routed_to_prefix_owner_rate": 0.0,
    "prefix_hit_rate": 0.953125,
    "transfer_count": 0,
    "rebalance_success": 0,
    "rebalance_fail": 0,
    "rebalance_fail_reasons": {},
    "gpu_util_mean": 11.088235294117647,
    "gpu_util_p95": 62.0,
    "gpu_mem_util_mean": 3.8831865754114143,
    "gpu_mem_util_p95": 16.630045572916664
  },
  "multi-gpu-kv-routing": {
    "name": "multi-gpu-kv-routing",
    "total_requests": 64,
    "total_tokens": 1024,
    "elapsed_s": 56.198698496998986,
    "throughput_tok_s": 18.221062540348363,
    "goodput_tok_s": 16.797542029383646,
    "mean_ttft_s": 2.797405431452489,
    "p50_ttft_s": 0.10228297249705065,
    "p95_ttft_s": 32.39197730799424,
    "mean_ttpt_s": 0.22866370369438016,
    "p50_ttpt_s": 0.05976274115619162,
    "p95_ttpt_s": 2.085930361984083,
    "mean_e2e_s": 3.6586192591100826,
    "p50_e2e_s": 0.956203858499066,
    "p95_e2e_s": 33.37488579174533,
    "route_hit_rate": 0.921875,
    "routed_to_prefix_owner_rate": 0.921875,
    "prefix_hit_rate": 0.96875,
    "transfer_count": 0,
    "rebalance_success": 0,
    "rebalance_fail": 0,
    "rebalance_fail_reasons": {},
    "gpu_util_mean": 6.978354978354979,
    "gpu_util_p95": 63.0,
    "gpu_mem_util_mean": 3.7491439224837664,
    "gpu_mem_util_p95": 16.621907552083336
  },
  "multi-gpu-kv-transfer": {
    "name": "multi-gpu-kv-transfer",
    "total_requests": 64,
    "total_tokens": 1022,
    "elapsed_s": 43.23623662799946,
    "throughput_tok_s": 23.63757994927247,
    "goodput_tok_s": 21.78728014893803,
    "mean_ttft_s": 2.3982047168744884,
    "p50_ttft_s": 0.10317694349214435,
    "p95_ttft_s": 29.32184197999959,
    "mean_ttpt_s": 0.2085588647461561,
    "p50_ttpt_s": 0.06706391262468969,
    "p95_ttpt_s": 1.8866479025152785,
    "mean_e2e_s": 3.3348902729362635,
    "p50_e2e_s": 1.073022601995035,
    "p95_e2e_s": 30.186366440244456,
    "route_hit_rate": 0.0,
    "routed_to_prefix_owner_rate": 0.0,
    "prefix_hit_rate": 0.953125,
    "transfer_count": 0,
    "rebalance_success": 0,
    "rebalance_fail": 0,
    "rebalance_fail_reasons": {},
    "gpu_util_mean": 10.789915966386555,
    "gpu_util_p95": 63.0,
    "gpu_mem_util_mean": 3.8925897507440474,
    "gpu_mem_util_p95": 16.630045572916664
  },
  "multi-gpu-lmpool": {
    "name": "multi-gpu-lmpool",
    "total_requests": 64,
    "total_tokens": 1024,
    "elapsed_s": 21.963522988997283,
    "throughput_tok_s": 46.62275721945778,
    "goodput_tok_s": 45.89427663790375,
    "mean_ttft_s": 0.6609366098609826,
    "p50_ttft_s": 0.10497216650401242,
    "p95_ttft_s": 6.518483021998691,
    "mean_ttpt_s": 0.09280385319242157,
    "p50_ttpt_s": 0.05721558165623719,
    "p95_ttpt_s": 0.4652370447972771,
    "mean_e2e_s": 1.4848616510787451,
    "p50_e2e_s": 0.9154493064997951,
    "p95_e2e_s": 7.443792716756434,
    "route_hit_rate": 0.875,
    "routed_to_prefix_owner_rate": 0.875,
    "prefix_hit_rate": 0.90625,
    "transfer_count": 0,
    "rebalance_success": 0,
    "rebalance_fail": 0,
    "rebalance_fail_reasons": {},
    "gpu_util_mean": 6.268398268398268,
    "gpu_util_p95": 63.0,
    "gpu_mem_util_mean": 3.537872446563853,
    "gpu_mem_util_p95": 16.605631510416664
  }
}