{
  "config": {
    "num_layers": 28,
    "block_size": 256,
    "num_kv_heads": 8,
    "head_dim": 128,
    "num_transfer_blocks": 2,
    "block_counts": "1,2,4,8",
    "iterations": 100,
    "warmup": 20
  },
  "results": [
    {
      "num_transfer_blocks": 1,
      "bytes_per_iteration": 29360128,
      "gib_per_iteration": 0.02734375,
      "mean_latency_ms": 2.953717280179262,
      "p95_latency_ms": 3.006063155044103,
      "effective_bandwidth_gib_s": 9.257402590115362,
      "data_validation": "passed"
    },
    {
      "num_transfer_blocks": 2,
      "bytes_per_iteration": 58720256,
      "gib_per_iteration": 0.0546875,
      "mean_latency_ms": 4.608138310431968,
      "p95_latency_ms": 5.407931450463366,
      "effective_bandwidth_gib_s": 11.867590839493177,
      "data_validation": "passed"
    },
    {
      "num_transfer_blocks": 4,
      "bytes_per_iteration": 117440512,
      "gib_per_iteration": 0.109375,
      "mean_latency_ms": 4.765539259969955,
      "p95_latency_ms": 4.814440294285305,
      "effective_bandwidth_gib_s": 22.95123259580272,
      "data_validation": "passed"
    },
    {
      "num_transfer_blocks": 8,
      "bytes_per_iteration": 234881024,
      "gib_per_iteration": 0.21875,
      "mean_latency_ms": 7.26513415997033,
      "p95_latency_ms": 7.33998279683874,
      "effective_bandwidth_gib_s": 30.10956097759017,
      "data_validation": "passed"
    }
  ]
}